1,_,是正品,真伪,正面
1,_,擦在脸上勾称白嫩,使用体验,正面
1,_,是个不错的商品,整体,正面
2,_,不是我喜欢的,整体,负面
2,颜色,明显,其他,负面
2,_,让人家一眼就看出,使用体验,负面
3,_,还是挺细腻的,使用体验,正面
4,_,还行吧,整体,正面
5,效果,不错,功效,正面
6,_,很细腻,使用体验,正面
6,_,贴合肤色,使用体验,正面
6,_,一下子提亮了肌肤,功效,正面
6,_,很好,整体,正面
7,_,特别好用,整体,正面
7,_,建议购买,整体,正面
7,_,很喜欢,整体,正面
8,_,好评,整体,正面
9,_,好东西,整体,正面
9,_,还可以,使用体验,正面
10,_,不错,整体,正面
11,_,不错,整体,正面
11,_,没有油腻的感觉,使用体验,正面
11,_,敷上很清爽,使用体验,正面
11,_,水润,使用体验,正面
12,包装,一般,包装,中性
12,_,看着还行,整体,正面
13,质量,一般般,整体,中性
14,_,不错,整体,正面
15,物流速度,快,物流,正面
15,盖子,裂了,包装,负面
15,一小块,掉了,包装,负面
15,_,很不爽,整体,负面
16,_,没以前的好用了,整体,负面
17,发货速度,快,物流,正面
18,_,很喜欢,整体,正面
18,_,很好用,整体,正面
19,_,很好,整体,正面
19,_,不错,整体,正面
19,_,支持**,整体,正面
19,_,给力,整体,正面
19,_,大赞一个,整体,正面
19,_,喜欢,整体,正面
20,_,不油腻,使用体验,正面
20,_,自然,整体,正面
21,_,挺好用的,整体,正面
22,_,很适合油性和混油的皮肤,使用体验,正面
22,_,最合适了,使用体验,正面
22,_,会会洗的比较干净的,功效,正面
23,_,很不错呢,整体,正面
23,_,很贴肤细腻,使用体验,正面
24,_,不错,整体,正面
25,_,比平时优惠,价格,正面
26,_,很好用,整体,正面
26,_,太贵了,价格,负面
26,_,有点干,使用体验,负面
27,_,真心不错,整体,正面
28,成膜,较慢,使用体验,负面
28,_,油腻,使用体验,负面
28,使用效果,一般,整体,中性
29,_,很好用,整体,正面
29,_,很温和,使用体验,正面
30,_,还可以吧,整体,正面
30,_,刚涂上有些发白,功效,负面
30,_,过会儿就自然了,功效,正面
31,_,不错不错,整体,正面
31,效果,非常好,功效,正面
32,卸妆,干净,功效,正面
32,_,比之前的好,整体,正面
32,_,给个好评,整体,正面
33,_,好用,整体,正面
33,_,很自然,功效,正面
34,_,就是快,物流,正面
34,东西,很好,整体,正面
34,_,用着不错,使用体验,正面
35,_,送了很多东西,整体,正面
35,洗面奶,有刺激性,成分,负面
35,_,洗后有些痒,使用体验,负面
35,_,很不舒服,使用体验,负面
36,快递,很快的,物流,正面
37,速度,很快,物流,正面
37,_,很划算,价格,正面
38,_,很水润,使用体验,正面
38,包装,也不错,包装,正面
39,物流,很快,物流,正面
39,快递小哥服务,很好,服务,正面
39,_,是真的,真伪,正面
40,_,特别划得来,价格,正面
41,_,水水的,使用体验,正面
41,_,很好用,整体,正面
41,_,不紧绷了,使用体验,正面
42,_,一般,整体,中性
43,_,挺好用的,整体,正面
43,酒精味,重,气味,负面
44,_,很喜欢,整体,正面
45,_,很好,整体,正面
45,_,一直在用,整体,正面
45,_,购买了好几次了,整体,正面
46,_,还可以,整体,正面
47,_,非常不错哦,整体,正面
47,味道,没有刺鼻的,气味,正面
47,_,很温和,使用体验,正面
48,_,还行,整体,正面
48,_,不错,整体,正面
49,盒子,没有,包装,负面
49,塑料袋,_,包装,负面
49,_,太垃圾了,整体,负面
49,_,不值这个价,价格,负面
50,香味,淡淡的,气味,正面
50,_,还不错,整体,正面
50,发票,不提供,服务,负面
50,发票,不方便,服务,负面
51,_,不错,整体,正面
52,_,好用,整体,正面
52,_,显白,功效,正面
52,_,不油腻,使用体验,正面
53,价格,挺便宜的,价格,正面
54,这款面膜,不错,整体,正面
54,打折,_,价格,正面
54,快递速度,快,物流,正面
54,快递小哥,点赞,物流,正面
55,_,很不错,整体,正面
55,价格,实惠,价格,正面
56,_,很喜欢,整体,正面
57,_,不怎么好用,整体,负面
58,_,大大的,尺寸,正面
58,_,亲肤柔和,使用体验,正面
58,_,满意,整体,正面
59,_,会辣眼睛疼,使用体验,负面
60,_,非常好,整体,正面
60,_,很滑,使用体验,正面
60,_,很嫩,使用体验,正面
61,_,好好好好,整体,正面
62,_,一擦就蹭下来了,使用体验,负面
62,_,不好用,整体,负面
62,_,不是想象那样,整体,负面
62,_,可能我不适合这个,整体,负面
63,活动,特别合适,价格,正面
64,_,很适合,整体,正面
64,_,不错啊,整体,正面
65,质量,不错,整体,正面
65,送货师傅,很给力,物流,正面
66,物流,很快,物流,正面
66,_,还可以,整体,正面
67,_,别的没有这个好用,整体,正面
68,物流,非常快,物流,正面
68,包装,不错,包装,正面
69,快递,给力,物流,正面
70,_,还可以,整体,正面
71,_,保湿滋润,使用体验,正面
71,_,挺好的,整体,正面
72,包装,很一般,包装,负面
73,_,用了过敏,使用体验,负面
74,_,不怎么滴,整体,负面
75,_,真心不错,整体,正面
75,活动,非常划算,价格,正面
75,_,温和不刺激,使用体验,正面
76,_,很好用,整体,正面
77,_,好评,整体,正面
77,_,真的好好用,整体,正面
77,_,无刺激,使用体验,正面
77,_,用完还会购买,整体,正面
78,价格,便宜,价格,正面
78,性价比,高,价格,正面
78,包装,不错,包装,正面
79,包装,很好,包装,正面
79,快递,也快,物流,正面
80,_,还不错,整体,正面
80,补水效果,不会让我失望,功效,正面
80,_,会继续光顾的,整体,正面
81,_,真的很好用的,整体,正面
82,_,不错,整体,正面
82,物流,很快,物流,正面
82,_,值得信赖,整体,正面
83,_,还行,整体,正面
84,_,还不错,整体,正面
85,设计,很喜欢,其他,正面
85,_,希望好用,整体,中性
86,_,很好用,整体,正面
86,_,修复得很好,功效,正面
86,_,光光滑的,使用体验,正面
86,_,超喜欢的,整体,正面
87,速度,很快呀,物流,正面
87,_,水润润,使用体验,正面
87,_,好评,整体,正面
88,_,很温和,使用体验,正面
88,_,很清爽,使用体验,正面
88,_,不紧绷,使用体验,正面
88,_,很划算,价格,正面
89,_,非常好用,整体,正面
90,_,不错,整体,正面
91,_,挺好的，用着不错的,整体,正面
92,味道,不是很喜欢,气味,负面
93,_,很好用,整体,正面
93,味道,特别好闻,气味,正面
93,_,很细腻,使用体验,正面
93,_,适合干性皮肤的女生哦,功效,正面
94,价格,优惠,价格,正面
94,_,满意！,整体,正面
95,_,挺好的,整体,正面
96,精华液,挺多,成分,正面
96,_,特别滑,使用体验,正面
96,_,好评,整体,正面
97,包装,精美,包装,正面
97,价格,实惠,价格,正面
98,_,很不错,整体,正面
98,紫色的隔离,非常喜欢,整体,正面
98,快递,给力的很,物流,正面
99,补水效果,较好,功效,正面
100,补水效果,特别好,功效,正面
100,脸,特别水润,使用体验,正面
100,_,强烈推荐一下,整体,正面
101,_,性价比高,价格,正面
101,_,还可以的,整体,正面
102,味道,淡淡的,气味,正面
102,紫色,适合黄皮的,功效,正面
102,_,不油腻,使用体验,正面
103,_,很喜欢,整体,正面
103,_,水水的,使用体验,正面
103,_,用完还会再买,整体,正面
104,质量,可以,整体,正面
104,_,便宜实惠,价格,正面
105,_,还可以,整体,正面
105,外面那层膜,太硬了,使用体验,负面
106,活动,_,价格,正面
106,_,超级好用,整体,正面
107,_,很不错的,整体,正面
108,_,不错,整体,正面
109,_,很好用,整体,正面
109,_,信赖,整体,正面
109,_,送货快,物流,正面
110,爽身粉的味道,_,气味,中性
110,_,还行吧,整体,中性
111,日常补水,还不错,功效,正面
111,_,性价比很高,价格,正面
112,_,是正品,真伪,正面
112,香味,浓郁,气味,正面
112,遮瑕效果,非常好,功效,正面
113,保湿效果,不错,功效,正面
113,_,挺好用的,整体,正面
114,_,非常好用,整体,正面
115,_,很好用,整体,正面
115,绿色,很好用,其他,正面
115,紫色,很好用,其他,正面
115,_,愉快的购物体验,整体,正面
116,_,值得信赖,整体,正面
117,_,很快,整体,正面
117,_,挺好的,整体,正面
118,价格,合适,价格,正面
118,价格,不贵,价格,正面
118,_,还好用,整体,正面
119,_,是正品,真伪,正面
119,_,性价比最高,价格,正面
119,_,很好用,整体,正面
119,物流,很快,物流,正面
120,_,挺好的,整体,正面
120,效果,不错哦,功效,正面
121,_,挺好的,整体,正面
122,味道,真的不好闻,气味,负面
122,_,闻着很次,气味,负面
122,滑石粉,放多了,成分,负面
122,_,不好冲洗,使用体验,负面
122,_,很勉强留下,整体,负面
123,_,可以,整体,正面
124,_,确实很好用,整体,正面
124,_,好,整体,正面
125,_,好用,功效,正面
125,_,好用,功效,正面
125,_,不贵,价格,正面
126,_,不错,整体,正面
126,_,一如既往的好用,整体,正面
127,_,好用,整体,正面
127,_,挺清爽的,使用体验,正面
127,送货速度,很快,物流,正面
127,_,很方便,物流,正面
127,_,比实体店优惠,价格,正面
127,_,值得购买,整体,正面
128,_,还可以吧,整体,正面
129,_,刚抹脸上以为是抹了猪油了,使用体验,负面
129,_,要等一段时间完全吸收会好些,使用体验,正面
129,_,不怎么样,整体,负面
130,_,物美价廉,整体,正面
130,发货,快,物流,正面
130,盒子,很漂亮,包装,正面
131,活动,_,价格,正面
132,_,不好,整体,负面
133,快递,慢,物流,负面
133,_,一般般,整体,中性
134,_,一模一样,整体,正面
134,物流,快,物流,正面
135,赠品,一点...都没有,价格,负面
135,实体店,有积分,服务,正面
135,价格,差不多,价格,中性
136,_,好用,整体,正面
136,_,超级好用,整体,正面
136,_,非常适合我的皮肤,使用体验,正面
136,_,用完就不干了,使用体验,正面
136,_,很舒服,使用体验,正面
137,_,水份多,功效,正面
137,价格,便宜,价格,正面
137,_,没买错产品,整体,正面
138,补水,_,功效,正面
138,_,超级划算,价格,正面
138,_,信赖,整体,正面
138,_,五星好评,整体,正面
139,_,_,整体,正面
140,送货,快,物流,正面
141,_,很好用,使用体验,正面
141,补水效果,很好,功效,正面
141,_,滋润,使用体验,正面
141,_,服帖,使用体验,正面
141,_,打造完美妆容,功效,正面
141,_,秒杀屯货,整体,正面
142,_,很喜欢,整体,正面
142,_,补水特别好,功效,正面
143,_,挺实惠,价格,正面
143,_,蛮好用,整体,正面
143,_,很滋润,使用体验,正面
144,物流,很快,物流,正面
144,_,很好用,整体,正面
144,赠品,多,价格,正面
145,物流,杠杠的,物流,正面
145,包装,不错,包装,正面
146,_,特别轻薄透气,使用体验,正面
146,_,补水,功效,正面
147,_,还可以,整体,正面
148,补水效果,特别好,功效,正面
149,_,总体效果还可以,整体,正面
149,吸收效果,不是太好,使用体验,负面
149,_,擦的时候脸上会留下霜渍,使用体验,负面
150,_,很好,整体,正面
150,_,有一点增白的效果,功效,正面
151,_,好评,整体,正面
152,_,不是太喜欢,整体,负面
153,_,超级不错,整体,正面
153,_,细腻不起块,使用体验,正面
153,配送员服务,超好,服务,正面
154,_,干而且搓泥,使用体验,负面
154,_,适合油性肌肤,功效,正面
155,秒杀,_,价格,正面
155,经济实惠,经济实惠,价格,正面
155,送货快,快,物流,正面
155,的送货速度,喜欢,物流,正面
156,_,很好用,整体,正面
157,脸,养,使用体验,正面
158,遮暇力度,不够,功效,负面
158,_,不油腻,使用体验,正面
158,_,上妆服帖,使用体验,正面
158,_,性价比超高,价格,正面
159,_,应该是正品吧,真伪,中性
159,_,买那么多都没有送东西,其他,负面
160,效果,不错,功效,正面
160,_,非常滋润,使用体验,正面
161,_,很好用,整体,正面
161,_,很实惠,价格,正面
162,_,挺好,整体,正面
162,物流,很快,物流,正面
162,价格,实惠,价格,正面
163,卸妆,很温和,使用体验,正面
163,_,挺好用的,整体,正面
163,_,很清爽,使用体验,正面
163,_,不伤皮肤,使用体验,正面
164,外包装,湿了,包装,负面
165,物流速度,不错,物流,正面
165,_,很喜欢,整体,正面
166,_,挺好用的,整体,正面
167,_,非常不错,整体,正面
167,_,实惠,价格,正面
168,_,挺好用的,整体,正面
168,_,挺滋润的,使用体验,正面
168,毛孔,没有那么大了,功效,正面
169,_,必须好评,整体,正面
169,_,好用,整体,正面
170,紫色,适合,功效,正面
171,_,不怎么好用,整体,负面
171,_,洗不干净,功效,负面
171,_,便宜,价格,正面
171,_,不知道是不是真的,真伪,中性
172,_,吸收快,使用体验,正面
172,_,超级滋润,使用体验,正面
172,活动,给力,价格,正面
173,包装,_,包装,负面
173,盒子,不送,包装,负面
174,_,不错不错,整体,正面
174,_,很好闻,气味,正面
174,质量,很好,整体,正面
174,_,值得信赖,整体,正面
175,洗面奶,很好用,使用体验,正面
176,_,有点点卡粉,使用体验,负面
176,遮瑕,也不咋个,功效,负面
177,_,一如既往的好,整体,正面
178,_,挺满意的,整体,正面
178,_,还不错,整体,正面
178,补水效果,挺好的,功效,正面
178,_,有点紧绷,使用体验,负面
179,_,物超所值,整体,正面
179,_,物聊超快,物流,正面
180,_,比较容易推开,使用体验,正面
180,_,不油腻,使用体验,正面
180,_,成膜挺快的,功效,正面
180,_,有一丢丢泛白,功效,中性
180,_,挺不错的,整体,正面
181,_,很好,整体,正面
181,_,不过敏,使用体验,正面
181,_,很保湿,功效,正面
181,_,不油腻,使用体验,正面
182,_,还不错,整体,正面
182,_,能遮盖红血丝,功效,正面
182,_,挺干的感觉,使用体验,负面
183,_,很好用,整体,正面
183,_,是正品,真伪,正面
184,_,还是不错的,整体,正面
184,秒杀,比较优惠,价格,正面
184,_,以后还会继续购买,整体,正面
185,_,应该不错呢,整体,正面
185,_,可以呢,整体,正面
186,物流速度,就是快,物流,正面
186,多送了20片,非常不错,服务,正面
186,_,非常不错,整体,正面
187,保湿效果,很好,功效,正面
188,_,特别好用,整体,正面
188,_,赞,整体,正面
189,_,很滋润,使用体验,正面
189,_,不脱妆,功效,正面
189,_,挺好用的,整体,正面
190,价格,合适不错,价格,正面
191,_,很不错,整体,正面
192,_,很好用,整体,正面
192,_,很舒服,使用体验,正面
193,_,不错,整体,正面
194,泡泡,不是很多,使用体验,负面
194,气味,很好闻,气味,正面
195,_,一般,整体,中性
195,_,效果一般,功效,中性
196,包装盒子,没有,包装,负面
196,_,最扣,整体,负面
197,_,还行,整体,正面
198,_,还可以,整体,正面
198,_,不紧绷,使用体验,正面
199,物流,很快,物流,正面
199,_,很满意,整体,正面
199,_,还不错,整体,正面
200,补水,应该还是可以的,功效,正面
200,_,用起来有些油,使用体验,负面
201,_,很不错,整体,正面
201,_,赞一个,整体,正面
201,_,很喜欢,整体,正面
201,送货速度,快,物流,正面
201,_,棒棒的,整体,正面
202,_,很喜欢,整体,正面
202,_,值得购买,整体,正面
203,_,挺好的,整体,正面
203,物流,挺快的,物流,正面
204,_,还可以吧,整体,正面
205,_,很好,整体,正面
205,_,贴肤,使用体验,正面
205,_,不卡粉,使用体验,正面
206,盒子,坐的很精美,包装,正面
206,_,大大的幸福,整体,正面
206,_,良心卖家,服务,正面
206,_,很好用,整体,正面
207,_,很喜欢,整体,正面
207,_,很好用,整体,正面
207,香味,不重,气味,正面
207,_,不刺激,使用体验,正面
207,_,特别好,整体,正面
208,_,挺好用的,整体,正面
208,味道,香香的,气味,正面
208,_,很滑,使用体验,正面
208,_,很舒服,使用体验,正面
209,_,最好,整体,正面
209,速度,快,物流,正面
209,用着,放心,使用体验,正面
210,双十二活动,给力,价格,正面
210,_,郁闷,整体,负面
211,补水效果,特别好,功效,正面
211,_,很喜欢,整体,正面
212,_,假的,真伪,负面
212,泡沫,都没有,使用体验,负面
213,效果,不好,功效,负面
214,效果,不错,功效,正面
214,_,满意,整体,正面
215,_,非常好用,整体,正面
215,_,很干净,功效,正面
216,_,很好用,整体,正面
216,_,不油腻,使用体验,正面
216,_,有点小瓶了,尺寸,负面
216,_,大油田的最佳选择,功效,正面
216,_,下次再购买,整体,正面
217,_,不错,整体,正面
218,_,不错,整体,正面
218,快递,超级给力,物流,正面
219,成分,安全,成分,正面
219,活动,_,价格,正面
219,赠品,_,价格,正面
219,颜值,在线,整体,正面
219,_,很好用,整体,正面
219,_,很惊喜,整体,正面
219,_,好开森,整体,正面
220,包装,挺好看的,包装,正面
221,_,不错的呢,整体,正面
221,小东西,很多,价格,正面
221,_,喜欢了,整体,正面
222,_,很便宜,价格,正面
223,_,很好用的,整体,正面
223,涨价了,_,价格,负面
224,_,好用的,整体,正面
225,_,闷闷的,使用体验,负面
226,_,用的很好,整体,正面
227,_,好好用,整体,正面
227,_,很方便,使用体验,正面
227,品质,值得信赖,整体,正面
228,速度,飞快,物流,正面
228,_,大爱,整体,正面
229,皮肤,光滑,使用体验,正面
229,_,可以值得购买,整体,正面
230,_,不过敏，很好用,使用体验,正面
231,物流,快,物流,正面
231,_,还真心不错,使用体验,正面
232,_,很好,整体,正面
232,物流,很快,物流,正面
232,_,越做越好,整体,正面
233,_,物超所值,整体,正面
233,_,全5分好评,整体,正面
234,_,还是一样好,整体,正面
235,_,还好,整体,中性
236,_,水润轻薄,使用体验,正面
236,_,也比较保湿,功效,正面
237,_,挺好,整体,正面
238,_,买贵了,价格,负面
238,_,不是很开心,价格,负面
239,_,吸收很好,使用体验,正面
239,_,适合我的肤质,整体,正面
239,_,很喜欢这款的,整体,正面
240,_,不错,整体,正面
241,_,一分钱买的,价格,正面
241,_,补水还可以,功效,正面
241,精华液,也很多,成分,正面
241,_,不错,整体,正面
242,_,便宜,价格,正面
242,_,第一次买也是最后一次买,整体,负面
243,_,一般,整体,负面
243,眼霜,没什么效果,功效,负面
244,_,不错,整体,正面
244,_,非常好用,整体,正面
245,速度,算是快,物流,正面
246,服务,很好,服务,正面
246,_,性价比高,价格,正面
246,_,很不错呦,整体,正面
247,效果,还不错,功效,正面
248,_,很美白,功效,正面
248,味道,很舒服,气味,正面
248,_,很喜欢,整体,正面
248,_,大爱,整体,正面
249,_,挺好的,整体,正面
249,_,滋润,使用体验,正面
249,_,不油腻,使用体验,正面
250,质量,不错,整体,正面
251,_,挺好用的,整体,正面
251,_,很服帖自然,使用体验,正面
252,_,用了脸过敏,使用体验,负面
252,_,直接起红点红斑,使用体验,负面
252,_,非常痛,使用体验,负面
252,_,直接就是毁容了,使用体验,负面
252,_,非常恼火,整体,负面
253,客服小海狮的服务,帮我解决了许多难题,服务,正面
254,_,一般吧,整体,中性
254,_,没有想象中的好用,整体,负面
254,_,纯补水,功效,正面
255,_,挺好用的,整体,正面
255,_,薄薄的很敷贴,使用体验,正面
255,精华,好多,成分,正面
255,_,用完在买?,整体,正面
256,活动,不给力,价格,负面
256,_,快捷,其他,正面
256,_,方便,其他,正面
256,_,不错,整体,正面
257,_,好,整体,正面
257,_,买一送一,价格,正面
258,_,非常非常的好用,整体,正面
258,_,值得信赖,整体,正面
259,_,好小,尺寸,负面
260,_,东西买了这么久才收到,物流,负面
260,东西,都摔坏了,物流,负面
260,_,心情十分感到失望,整体,负面
261,这个牌子,好用,整体,正面
261,_,特便宜,价格,正面
262,_,好评,整体,正面
262,_,好用,整体,正面
263,_,物有所值,整体,正面
264,_,不好的体验,使用体验,负面
265,_,还可以吧，能稍微去一点,整体,正面
266,_,还可以吧,整体,正面
266,_,有点干,使用体验,负面
266,_,没有提亮肤色的效果,功效,负面
266,_,有点暗淡,功效,负面
267,_,好用,整体,正面
267,_,便宜,价格,正面
267,_,大碗,尺寸,正面
267,_,简单,使用体验,正面
267,_,通透,整体,正面
268,_,总体不错,整体,正面
269,味道,很奇怪,气味,负面
269,_,一股油漆味,气味,负面
269,_,简直辣眼睛,使用体验,负面
269,防晒效果,_,功效,中性
270,_,用着皮肤很滋润,使用体验,正面
270,_,好多精华,成分,正面
270,_,特别喜欢,整体,正面
271,_,好的很,整体,正面
271,_,很喜欢,整体,正面
271,_,很滋养,使用体验,正面
271,_,美美哒,整体,正面
272,物流,很快,物流,正面
272,包装,完好,包装,正面
272,服务,好,服务,正面
272,_,满意的一次购物,整体,正面
273,_,不错,整体,正面
273,价格,合适,价格,正面
273,补水效果,不错,功效,正面
273,礼品袋,装的就行,包装,中性
273,_,经常用了,整体,正面
274,_,挺好用的,整体,正面
274,香味,淡淡的,气味,正面
274,_,一天都不脱妆,功效,正面
275,_,很好用,整体,正面
276,_,超级差,整体,负面
276,_,卡粉,使用体验,负面
276,_,无敌卡粉,使用体验,负面
276,遮瑕,一点也不遮瑕,功效,负面
276,_,我觉得别买,整体,负面
277,_,很舒服的,使用体验,正面
277,补水效果,很好,功效,正面
278,_,稳和,整体,正面
278,泡泡,不是那种细腻的,使用体验,负面
278,效果,很一般,功效,中性
279,_,正品,真伪,正面
279,_,实惠,价格,正面
279,快递,很快,物流,正面
279,_,满意,整体,正面
279,服务,很好,服务,正面
280,_,真的不错,功效,正面
280,_,是正品,真伪,正面
281,味道,清淡,气味,正面
281,泡沫,很细腻,使用体验,正面
281,小样,一个小样都没有,服务,负面
281,_,这要是过敏怎么退啊,服务,负面
282,_,正品,真伪,正面
282,_,特别省,使用体验,正面
282,_,水水润润的,使用体验,正面
283,_,超级划算的,价格,正面
283,包装,好看,包装,正面
283,_,品牌就是不一样,整体,正面
284,_,质量差,整体,负面
284,_,用了长痘痘,使用体验,负面
284,_,几天了还没消,使用体验,负面
285,_,还不错,整体,正面
285,_,一点也不卡粉,使用体验,正面
285,_,挺好的,整体,正面
285,_,有点小,尺寸,负面
286,_,挺好用的,整体,正面
287,_,挺好的,整体,正面
288,物流,很快,物流,正面
288,_,棒棒哒,整体,正面
289,_,挺好用的,整体,正面
290,_,真品,真伪,正面
291,补水效果,很好啊,功效,正面
292,_,很好用,整体,正面
293,_,不错,整体,正面
293,_,非常清爽,使用体验,正面
293,_,舒服,使用体验,正面
294,_,挺水润服帖的,使用体验,正面
294,_,稍微白了点,功效,负面
294,_,接近自然色,功效,中性
294,_,还送了个替换芯,包装,正面
295,_,长很多痘,使用体验,负面
296,_,很好用,整体,正面
296,东西,很多,价格,正面
297,_,还可以哦,整体,正面
298,赠品,忽悠骗人的,价格,负面
298,_,最优惠,价格,正面
299,_,不错,整体,正面
299,_,很服帖,使用体验,正面
299,物流,很快,物流,正面
300,_,还是很棒的,整体,正面
300,当天买当天就能送到,_,物流,正面
300,价格,小贵一些,价格,负面
301,_,不干燥,使用体验,正面
301,_,滑滑的,使用体验,正面
302,_,买一赠一真好,价格,正面
302,外包装,走鸡就不说啥了,包装,负面
303,_,不错,整体,正面
303,_,很舒服,使用体验,正面
304,_,不错,整体,正面
304,_,给个好评,整体,正面
305,_,体面的,整体,正面
305,_,很喜欢,整体,正面
306,_,比较实惠,价格,正面
307,_,很好用,整体,正面
308,_,不错,整体,正面
309,_,真快,物流,正面
309,_,很满意,整体,正面
309,镜子,太模糊了,其他,负面
310,粉底,太少了,成分,负面
310,_,很少,成分,负面
310,_,干干的,使用体验,负面
311,_,不错,整体,正面
311,_,很好用,整体,正面
312,_,很香,气味,正面
312,_,很白,功效,正面
312,_,还可以吧,整体,中性
313,_,不错,整体,正面
313,遮瑕效果,_,功效,正面
313,提亮肤色,_,功效,正面
314,_,有点小过份了,整体,负面
315,_,还不出错,整体,正面
315,_,挺好,整体,正面
315,_,算满意吗,整体,中性
315,_,相当实惠,价格,正面
316,_,很好,整体,正面
316,_,漂亮,整体,正面
317,面膜,太小了,尺寸,负面
317,精华,也太少了吧,成分,负面
317,精华,根本就不够用,成分,负面
317,_,差评,整体,负面
318,上妆效果,还可以吧,功效,中性
319,_,是正品,真伪,正面
319,专柜价格,一样,价格,中性
319,赠品,还没有,服务,负面
320,_,很好,整体,正面
320,保湿,不错,功效,正面
320,价格,合适,价格,正面
321,速度,超快的,物流,正面
321,_,以后优先选择,整体,正面
322,_,物美价廉,价格,正面
322,_,比双11贵,价格,负面
322,_,不能保价,价格,负面
323,包装,很好看,包装,正面
324,补水效果,很好,功效,正面
325,_,勉强能用,整体,负面
325,价格,太高,价格,负面
326,保湿效果,很好,功效,正面
327,_,很喜欢,整体,正面
327,_,非常喜欢,整体,正面
327,质量,特别好,整体,正面
327,_,特别喜欢,整体,正面
328,_,不错,整体,正面
328,_,挺好用的,整体,正面
329,_,一如既往的好,整体,正面
329,_,不错,整体,正面
330,_,真的不错,整体,正面
330,_,推荐推荐推荐,整体,正面
331,_,很服帖,使用体验,正面
331,_,超服帖,使用体验,正面
332,_,适合,功效,正面
332,_,很不错,整体,正面
332,_,有点淡,功效,负面
332,_,涂少了看不出来,使用体验,负面
333,_,提亮肤色,功效,正面
333,_,不油腻,使用体验,正面
333,_,给人一种清新的感觉,使用体验,正面
334,味道,好闻,气味,正面
334,保湿效果,好,功效,正面
335,速度,很快,物流,正面
335,_,不错,整体,正面
336,保湿,很保湿,功效,正面
336,_,有点油,使用体验,负面
336,提亮肤色,不,功效,负面
336,_,出闲鱼,整体,负面
337,_,很好,整体,正面
337,物流,给了,物流,正面
337,_,不错,整体,正面
338,****,就是给力,整体,正面
338,价钱,一样,价格,中性
338,速度,要快,物流,正面
338,_,试试用用,使用体验,中性
339,_,有点干,使用体验,负面
340,_,不错,整体,正面
340,_,送货很快,物流,正面
341,_,很好,整体,正面
341,_,很喜欢,整体,正面
342,_,粉粉嫩嫩的,其他,正面
342,_,很适合小女生使用,整体,正面
342,_,非常滋润,使用体验,正面
342,_,一点不干,使用体验,正面
342,_,不油腻,使用体验,正面
342,_,很自然,使用体验,正面
342,_,送了两个替换装,价格,正面
343,泡沫,很多,使用体验,正面
343,_,不干,使用体验,正面
343,_,挺滋润的,使用体验,正面
343,_,超级划算,价格,正面
344,发货速度,快,物流,正面
344,_,很实惠,价格,正面
345,_,离不开,整体,正面
345,_,温和,使用体验,正面
345,_,不紧绷,使用体验,正面
346,_,满满一大盒,尺寸,正面
346,包装,颜值超级高,包装,正面
346,物流,真的超级快,物流,正面
346,_,太满意了,整体,正面
347,_,非常平价的,价格,正面
347,_,补水不错,功效,正面
348,酒精味,一股子,气味,负面
349,_,还可以,整体,正面
349,_,用着还不错,使用体验,正面
350,_,白白的,使用体验,负面
350,_,会掉皮,使用体验,负面
350,效果,没啥效果,功效,负面
351,_,还不错,整体,正面
352,_,没什么感觉,整体,中性
353,_,一直在用,整体,正面
353,_,很不错,整体,正面
353,_,可以保护皮肤,功效,正面
354,_,用得还算可以,整体,正面
355,_,涂厚有点黏黏,使用体验,负面
355,持久性,可以,功效,正面
356,味道,很好闻,气味,正面
356,_,也还好,使用体验,正面
357,_,还不错,使用体验,正面
357,眼霜,挺好用的,使用体验,正面
357,乳液,挺好用的,使用体验,正面
357,_,实惠,价格,正面
358,保湿效果,非常好,功效,正面
359,_,看起来不错,整体,正面
359,_,只有一个,服务,负面
360,_,很薄,使用体验,正面
360,_,很水润,使用体验,正面
360,_,不过敏,功效,正面
360,_,信赖**,整体,正面
360,_,方便快捷,使用体验,正面
361,_,可以,整体,正面
361,_,不错,整体,正面
361,_,很清爽,使用体验,正面
361,_,不油腻,使用体验,正面
361,_,值得拥有,整体,正面
362,味道,淡淡的像黄瓜的,气味,正面
362,_,不辣眼睛,使用体验,正面
362,_,挺好用的,整体,正面
363,_,脸还是油,功效,负面
363,_,没有我用的好用,整体,负面
364,_,不错,整体,正面
365,补水效果,非常好,功效,正面
365,_,值得购买,整体,正面
366,快递,很给力,物流,正面
367,_,还可以,整体,正面
368,_,挺好的,整体,正面
368,片数,超多,其他,正面
368,效果,好的,功效,正面
369,_,挺好用的,整体,正面
370,_,不错,整体,正面
370,_,货真价实,真伪,正面
371,_,挺好用的,整体,正面
372,物流,快,物流,正面
372,颜色,好,其他,正面
372,物超所值,_,价格,正面
372,_,非常值得购买,整体,正面
372,赠品,_,价格,正面
373,包装,很好,包装,正面
373,物流,很快,物流,正面
373,面膜,不错,整体,正面
373,_,非常物美价廉了,价格,正面
374,快递,真的好快,物流,正面
375,_,非常好,整体,正面
375,_,喜欢,整体,正面
376,质量,有保证,整体,正面
376,到货速度,快,物流,正面
377,_,很好,整体,正面
377,_,挺薄的,使用体验,正面
377,精华,挺多的,成分,正面
377,_,很舒服,使用体验,正面
378,价格,实惠,价格,正面
378,_,可以使用哦,使用体验,正面
379,保湿,很,功效,正面
379,干性皮肤用,很棒,使用体验,正面
380,提亮效果,还不错,功效,正面
380,_,还送了两瓶小样卸妆水和一包化妆棉,服务,正面
381,_,还好吧,整体,正面
381,日期,新鲜的,新鲜度,正面
382,_,不错,整体,正面
383,_,很好用的,整体,正面
383,_,赞,整体,正面
384,_,还行,整体,正面
384,_,比较自然,使用体验,正面
385,_,超喜欢,整体,正面
385,味道,香香的,气味,正面
385,快递,很给力,物流,正面
386,_,还挺滋润的吧,使用体验,正面
386,面膜,很服帖,使用体验,正面
386,面膜,很滋润,使用体验,正面
386,_,下次会考虑用这个品牌的面膜,整体,正面
387,_,可以的,整体,正面
387,_,很好用,整体,正面
388,控油效果,没话说,功效,正面
389,_,好,整体,正面
389,_,很喜欢,整体,正面
390,_,超级润,使用体验,正面
390,成分,天然的,成分,正面
390,_,喜欢,整体,正面
390,_,反馈不错,整体,正面
391,_,太好用了,整体,正面
392,_,还好,整体,正面
393,_,非常的好用,整体,正面
393,价格,实惠,价格,正面
393,_,轻薄不油腻,使用体验,正面
393,_,非常容易上妆,使用体验,正面
394,_,很自然,使用体验,正面
394,质地,保湿滋润,使用体验,正面
394,香味,淡淡,气味,正面
394,_,值得回购,整体,正面
394,_,推荐,整体,正面
395,_,很好用,整体,正面
395,_,很喜欢,整体,正面
396,_,好干净,使用体验,正面
396,_,不紧绷,使用体验,正面
397,补水功能,强大,功效,正面
398,保湿效果,确实不错,功效,正面
399,物流,走了20多天,物流,负面
400,快递,很给力,物流,正面
400,包装,很好,包装,正面
400,面膜,还可以,整体,中性
401,_,很好用,整体,正面
401,_,很喜欢,整体,正面
401,_,下次还会再来,整体,正面
402,_,挺好的,整体,正面
402,_,好用,使用体验,正面
403,_,非常舒服,使用体验,正面
403,_,不会特别拔干,使用体验,正面
404,_,好,整体,正面
404,_,很好,整体,正面
404,_,非常好,整体,正面
404,_,真的非常非常好,整体,正面
405,_,超级好用,整体,正面
405,活动,很划算,价格,正面
406,盖子,盖不上,使用体验,负面
406,_,差,整体,负面
407,_,好评,整体,正面
408,补水效果,相当不错,功效,正面
408,精华液,特别多,成分,正面
408,_,喜欢,整体,正面
409,_,应该不错,整体,正面
410,_,每天都可以用,使用体验,正面
410,_,物美价廉,整体,正面
411,_,满满的一盒,尺寸,正面
411,_,感觉不错,整体,正面
411,_,非常清爽不油腻,使用体验,正面
412,_,不错,整体,正面
412,物流,很快,物流,正面
413,价格,很实惠,价格,正面
413,_,还可以,整体,正面
414,_,很划算,价格,正面
414,_,非常实用,整体,正面
415,_,非常喜欢,整体,正面
415,_,正品,真伪,正面
416,_,非常好用,整体,正面
416,_,连续买了好几次了,整体,正面
416,_,继续支持,整体,正面
417,_,挺好的,整体,正面
417,_,还挺好用的,整体,正面
417,价格,实惠,价格,正面
418,正品,应该是,真伪,正面
418,_,很不错,整体,正面
418,_,可以用很久了,使用体验,正面
419,_,很不错,整体,正面
419,_,用起来也方便,使用体验,正面
420,_,很小罐,尺寸,负面
421,补水效果,很好,功效,正面
421,_,很喜欢,整体,正面
422,_,真的非常不错,整体,正面
422,活动,_,价格,正面
423,_,非常适合我,整体,正面
423,_,均衡肤色,功效,正面
424,_,蛮好的,整体,正面
424,精华,挺多的,成分,正面
425,效果,挺好,功效,正面
425,味道,好闻,气味,正面
425,_,长期用来感觉不错,整体,正面
426,物流速度,不错,物流,正面
426,_,很喜欢,整体,正面
427,_,物美价廉,价格,正面
427,_,便宜实惠,价格,正面
427,补个水,还是可以的,功效,正面
428,酒精味,浓,气味,负面
429,商品,信赖,整体,正面
429,快递小哥,很不错,物流,正面
430,_,好评,整体,正面
431,_,比较清爽,使用体验,正面
431,_,不油腻,使用体验,正面
431,物流,快,物流,正面
431,_,第二天就到了,物流,正面
432,_,挺不错的,整体,正面
433,物流,超级给力非常快,物流,正面
433,_,实用,整体,正面
433,_,非常不错吧,整体,正面
434,_,还不错呦,整体,正面
435,_,很好用,整体,正面
435,_,以后还会买的,整体,正面
436,_,很好用,整体,正面
437,_,挺不错的,整体,正面
438,_,很不错,整体,正面
438,_,好用,整体,正面
439,_,不油腻,使用体验,正面
439,_,好评,整体,正面
439,_,有点贵,价格,负面
440,_,很好哦,整体,正面
440,_,很香,气味,正面
440,_,很喜欢,整体,正面
440,_,很棒哦,整体,正面
441,_,还可以,整体,正面
441,精华,挺充足的,成分,正面
441,价位,可以接受,价格,正面
442,_,很好用,整体,正面
442,_,洗的很干净,使用体验,正面
442,_,不紧绷,使用体验,正面
443,_,很好用,整体,正面
443,皮肤,改善了不少,功效,正面
444,_,超级大赞,整体,正面
444,_,超级划算,价格,正面
445,_,非常好用,整体,正面
445,_,细腻白皙,功效,正面
445,味道,特别好闻,气味,正面
446,_,很喜欢用,整体,正面
447,_,非常好用的,整体,正面
447,精华,很多,成分,正面
447,_,超棒,使用体验,正面
448,物流,很快额,物流,正面
448,_,看上去挺好的,整体,正面
448,_,买一送一个,价格,正面
449,_,还可以,整体,正面
449,_,挺好的,整体,正面
450,这个牌子的化妆品,喜欢,整体,正面
450,_,五分好评,整体,正面
451,_,还可以吧,整体,正面
451,_,挺补水的,功效,正面
452,_,不错,整体,正面
452,_,很好用,整体,正面
453,保质期,稍短了些,新鲜度,负面
453,效果,期待,功效,正面
454,物流,很快,物流,正面
454,_,会显白,功效,正面
454,_,稍微有点干,使用体验,负面
455,_,满心欢喜,整体,正面
456,_,很好,整体,正面
456,速度,快,物流,正面
457,快递速度,很快,物流,正面
457,_,不错,整体,正面
458,_,隔离效果好,功效,正面
458,_,温和不刺激,使用体验,正面
458,_,易卸,使用体验,正面
459,_,挺好的,整体,正面
459,物流,挺快的,物流,正面
459,物流,两天就到了,物流,正面
460,_,挺好用的,整体,正面
461,_,不错,整体,正面
461,效果,很好的,功效,正面
462,_,很喜欢,整体,正面
463,_,不错,整体,正面
464,_,不像正品,真伪,负面
464,液体,太稀,成分,负面
465,配送,蛮快的,物流,正面
466,_,刺痛,使用体验,负面
466,_,过敏了,使用体验,负面
466,_,非常不愉快,整体,负面
466,_,化学物质太多,成分,负面
467,_,还不错,整体,正面
467,香味,淡淡的,气味,正面
467,小样,_,价格,正面
467,配送人员服务态度,好,服务,正面
468,_,特别好用,整体,正面
468,_,很喜欢,整体,正面
468,_,老牌子值得信赖,整体,正面
469,_,柔和多泡,使用体验,正面
469,保湿,不干,功效,正面
469,_,很喜欢,整体,正面
470,_,挺好用的,整体,正面
471,快递,杠杠滴,物流,正面
472,_,是正品,真伪,正面
472,_,特好用,整体,正面
473,_,不推荐,使用体验,负面
473,_,会刺痛,使用体验,负面
474,_,还不错,整体,正面
474,_,可以一试,整体,正面
475,_,还不错,整体,正面
475,_,很补水,功效,正面
476,_,很划算,价格,正面
477,_,太油了,使用体验,负面
478,快递小哥,_,物流,正面
479,赠品,有,其他,正面
480,_,润润的,使用体验,正面
480,_,易吸收,使用体验,正面
480,香味,闻起很舒服,气味,正面
481,速度,很快,物流,正面
481,_,不错,整体,正面
482,上妆效果,干,使用体验,负面
482,整体描述,差,整体,负面
483,物流,快,物流,正面
483,_,比想象中要好很多,整体,正面
483,_,必须赞一个,整体,正面
484,_,真心不错,整体,正面
485,_,挺好用的,整体,正面
485,吸收,挺快的,使用体验,正面
486,_,不好,整体,负面
486,_,过敏,使用体验,负面
487,_,挺好,整体,正面
488,商家服务态度,很好,服务,正面
488,_,水水的,功效,正面
488,_,挺好,整体,正面
489,_,很好用,整体,正面
489,活动,很划算,价格,正面
490,_,不错,整体,正面
490,_,超值,价格,正面
491,_,特别好,整体,正面
491,_,值得购买,整体,正面
491,_,非常喜欢,整体,正面
491,_,下次还会买的,整体,正面
492,包装,破烂,包装,负面
492,_,买一送一,价格,正面
493,_,很好很好,整体,正面
493,包装,不错,包装,正面
493,_,送货快,物流,正面
493,_,淡淡的香味,气味,正面
493,_,容易上色,使用体验,正面
493,_,很自然,使用体验,正面
493,浮粉,不会,使用体验,正面
493,_,价钱合理,价格,正面
494,_,便宜,价格,正面
495,_,还好吧,整体,正面
496,_,还行,整体,正面
497,_,很好用,整体,正面
498,_,很好用的,整体,正面
499,_,漏发了一瓶,物流,负面
499,_,已补送,服务,正面
499,_,感觉还不错,整体,正面
500,_,是正品,真伪,正面
500,_,很好,整体,正面
501,酒精味,重,气味,负面
501,_,黏黏的,使用体验,负面
501,_,涂着不舒服,使用体验,负面
502,_,一直用,整体,正面
503,_,可以啊,整体,正面
503,_,提好用的哈,整体,正面
504,_,很好用,使用体验,正面
504,_,有点油腻,使用体验,负面
504,_,泛白,功效,负面
504,_,还不错吧,整体,正面
505,_,还不错,整体,正面
506,面,确实不错,成分,正面
507,_,很好用,整体,正面
507,_,滑滑的,使用体验,正面
508,_,很好用,整体,正面
508,_,保湿,功效,正面
508,_,细腻,使用体验,正面
508,_,推荐,整体,正面
509,_,是正品,真伪,正面
509,_,便宜,价格,正面
510,_,不错,整体,正面
510,_,喜欢,整体,正面
511,_,不错,整体,正面
511,_,很大,尺寸,正面
512,_,还不错,整体,正面
512,这个价格,真的很不错哦,价格,正面
513,_,好用哦,整体,正面
513,_,美美哒,整体,正面
514,_,清清爽爽,使用体验,正面
514,_,不油腻,使用体验,正面
514,_,很好用,整体,正面
515,包装,很满意,包装,正面
515,物流,很快,物流,正面
515,_,很好用,整体,正面
516,包装,跟专柜有点不一样,包装,负面
516,_,比较优惠,价格,正面
516,物流,快,物流,正面
516,配送员服务,好,服务,正面
517,_,好用,整体,正面
518,_,贴敷感挺好的,使用体验,正面
518,_,很实惠的,价格,正面
519,_,真棒,整体,正面
519,_,满意,整体,正面
520,_,还不错,整体,正面
520,包装,真的不好,包装,负面
521,水,很多,成分,正面
521,_,需要洗到贴完,使用体验,负面
521,_,太多了吸收不了,使用体验,负面
522,_,很爱起泡沫,使用体验,正面
522,泡沫,很细腻,使用体验,正面
522,_,很温和,使用体验,正面
522,味道,很好闻,气味,正面
522,_,是正品,真伪,正面
523,_,假的,真伪,负面
523,_,都订不了妆,功效,负面
523,_,防不了水,功效,负面
524,塑料味,_,气味,负面
525,_,很好,整体,正面
526,_,很喜欢,整体,正面
527,_,好大,尺寸,正面
527,_,可以用好久了,使用体验,正面
527,_,使用很方便,使用体验,正面
527,_,直接按压就出来了,使用体验,正面
528,_,没有什么用,整体,负面
528,_,不敢用,整体,负面
529,味道,很好,气味,正面
529,_,容易推开,使用体验,正面
529,_,期待效果,整体,正面
530,_,隐形毛孔,功效,正面
530,_,便宜,价格,正面
530,_,买一送二,价格,正面
530,_,很好的啊,整体,正面
530,_,不过敏,使用体验,正面
530,_,好用,整体,正面
531,_,很自然,功效,正面
531,_,不错,整体,正面
532,_,一直在用,整体,正面
532,祛痘印效果,不错,功效,正面
532,双十一价位,高些,价格,负面
533,_,还不错,整体,正面
533,价格,实惠,价格,正面
533,性价比,不错,价格,正面
534,_,挺好的,整体,正面
534,色,很正,功效,正面
534,_,用起来也方便,使用体验,正面
535,_,好评好评好评,整体,正面
536,降价,_,价格,负面
536,_,垃圾,整体,负面
537,_,还行,整体,正面
537,_,不是很白,功效,负面
537,味道,也可以,气味,正面
537,_,很难洗下去,使用体验,负面
538,性价比,非常高,价格,正面
538,物流,非常快,物流,正面
539,_,不错,整体,正面
539,遮暇,一般,功效,中性
539,遮暇,较自然,功效,正面
540,_,太温和了,使用体验,负面
540,_,滑滑的,使用体验,正面
540,_,没什么效果,功效,负面
541,_,不错,整体,正面
541,_,不错,整体,正面
541,收货,不错,物流,正面
541,_,挺好的,整体,正面
542,_,补水保湿,功效,正面
542,_,清爽不油腻,使用体验,正面
543,_,坑,整体,负面
543,_,巨坑,整体,负面
543,_,降价,价格,负面
544,补水,不错,功效,正面
544,_,挺好用的,使用体验,正面
545,包装,很简陋,包装,负面
546,补水效果,不错,功效,正面
547,_,应该是正品,真伪,正面
547,_,实惠,价格,正面
548,_,很满意,整体,正面
548,_,很实惠,价格,正面
549,效果,不知道效果怎么样,功效,中性
549,物流,感谢,物流,正面
550,物流,值得信赖,物流,正面
550,产品,很满意,整体,正面
551,_,不好,整体,负面
551,_,会过敏,使用体验,负面
551,清洁能力,差,功效,负面
551,香味,太浓,气味,负面
552,_,物廉价美,价格,正面
552,价格,优惠,价格,正面
553,味道,很难形容,气味,中性
553,味道,我很讨厌,气味,负面
554,_,很好用,整体,正面
554,_,不卡粉,使用体验,正面
554,_,上装很自然,功效,正面
554,_,皮肤明显白了一个度,功效,正面
554,_,滑滑的,使用体验,正面
554,_,很喜欢,整体,正面
555,_,还不错,整体,正面
555,_,挺滋润,使用体验,正面
556,包装,很精致,包装,正面
556,_,挺好的,整体,正面
556,_,信任的,真伪,正面
557,快递,很快,物流,正面
557,面膜,很好,整体,正面
557,_,放心购买,整体,正面
557,_,极力推荐,整体,正面
558,_,很好用,整体,正面
559,_,不错,整体,正面
560,_,不怎么好用,整体,负面
560,气垫,做的不好,使用体验,负面
561,一分钱,买是买不来的,价格,正面
561,精华,很多,成分,正面
561,_,很舒服,使用体验,正面
562,吸收,也算挺好,功效,正面
563,_,没什么用,功效,负面
564,_,补水,功效,正面
565,_,感觉不错,整体,正面
566,_,还可以,整体,正面
566,包装,也很不错,包装,正面
567,_,不怎么的好,整体,负面
568,_,挺好的,整体,正面
568,_,调整肤色,功效,正面
568,_,蛮好用呢,整体,正面
568,味道,大点,气味,负面
568,_,不错,整体,正面
569,_,不是很白,功效,负面
569,_,不是遮暇的,功效,负面
569,_,太差劲了,整体,负面
570,味道,比较大,气味,负面
570,_,不适合我的肤色,功效,负面
570,_,有点太白了,功效,负面
571,_,很不错,整体,正面
572,_,不好用,整体,负面
572,泡泡,没有,使用体验,负面
572,_,洗不干净,功效,负面
572,味道,很大,气味,负面
573,_,很好,整体,正面
573,_,效果不错,功效,正面
573,_,很适用,功效,正面
573,气味,很清香,气味,正面
574,领券,好划算,价格,正面
574,_,无限回购,整体,正面
575,_,不敢用,整体,负面
576,_,还蛮好的,整体,正面
577,_,非常的好用,整体,正面
577,泡沫,细腻,使用体验,正面
577,_,温和不刺激,使用体验,正面
577,清洁能力,强,功效,正面
577,_,还会回购的,整体,正面
577,_,大爱,整体,正面
578,_,干皮千万别买,使用体验,负面
578,_,挺干的,使用体验,负面
578,持妆效果,还可以,功效,正面
579,_,特别好用,整体,正面
580,店家,很有心,服务,正面
580,_,包的很好,包装,正面
580,小礼物,_,价格,正面
580,东西,不错,整体,正面
580,_,用好了还会继续光顾,整体,正面
581,_,挺不错身,整体,正面
582,_,好用,整体,正面
582,皮肤,滑滑的,使用体验,正面
582,保湿效果,很好,功效,正面
583,_,很满意,整体,正面
583,_,非常高兴,整体,正面
583,东西,很不错,整体,正面
584,_,无不适感,使用体验,正面
584,透气,好,使用体验,正面
584,_,满意！,整体,正面
585,盒子,比较便宜,包装,负面
585,盒子,粗糙,包装,负面
585,_,有些味儿,气味,负面
585,产品,还没挤已留流出来,使用体验,负面
585,_,油腻感觉,使用体验,负面
585,_,没感涂上面,使用体验,负面
585,_,当洗手液用吧,整体,负面
586,_,很好,整体,正面
586,_,很喜欢,整体,正面
586,_,信任,整体,正面
587,_,很不错,整体,正面
588,_,抹了以后挺香的,气味,正面
588,持久情况,还好,功效,中性
589,_,感觉是正品,真伪,正面
590,_,好用,整体,正面
590,_,特别润,功效,正面
590,补水效果,好,功效,正面
590,_,也不心疼,价格,正面
591,原包装,高大上,包装,正面
591,现在的包装,太土了,包装,负面
591,现在的包装,跟杂牌的一个样,包装,负面
592,_,好用,整体,正面
592,_,不刺激,使用体验,正面
593,颜值,高,整体,正面
593,包装,很漂亮,包装,正面
593,_,看一眼就喜欢上,整体,正面
593,_,应该不错,整体,正面
594,保湿效果,不错,功效,正面
595,速度,飞快,物流,正面
595,产品,挺细腻,使用体验,正面
595,效果,_,整体,中性
596,_,好评,整体,正面
597,_,很好,整体,正面
598,_,不敢用脸上,使用体验,负面
599,_,挺白的,功效,正面
599,隔离效果,不好,功效,负面
600,_,挺好的,整体,正面
600,_,可以,整体,正面
601,_,喜欢,整体,正面
601,_,不油腻,使用体验,正面
601,_,细腻,使用体验,正面
601,_,均匀,使用体验,正面
601,_,很自然,使用体验,正面
601,_,大爱,整体,正面
602,_,用的还不错,使用体验,正面
602,_,很自然,使用体验,正面
602,_,很香,气味,正面
602,_,下次还会购买,整体,正面
603,_,都是骗人的,真伪,负面
603,_,便宜没好货,整体,负面
604,保湿效果,真的不错呢,功效,正面
604,_,很舒服,使用体验,正面
604,_,真心不错,整体,正面
605,_,非常不错,整体,正面
605,气色,很自然,功效,正面
605,保湿,_,功效,正面
606,_,好用,整体,正面
606,_,很自然,功效,正面
606,_,耐用,使用体验,正面
607,_,非常好,整体,正面
607,_,非常快,物流,正面
607,_,非常值,价格,正面
608,_,不错,整体,正面
608,_,方便,整体,正面
609,_,挺好,整体,正面
609,_,很补水,功效,正面
609,精华,很多,成分,正面
609,价格,实惠,价格,正面
610,_,超级好,整体,正面
610,精华,少了点,成分,负面
610,_,很好闻,气味,正面
610,_,喜欢哦,整体,正面
611,包装,还是非常好,包装,正面
612,_,不知道真假,真伪,中性
612,价格,有点贵,价格,负面
613,_,还不错,整体,正面
614,_,不错,整体,正面
614,_,超级好用,整体,正面
614,_,好用,整体,正面
615,味道,好闻,气味,正面
616,_,还不错,整体,正面
617,_,很喜欢,整体,正面
618,价格,好划算哦,价格,正面
618,补水效果,挺好的,功效,正面
618,_,值得购买,整体,正面
619,_,不好用,整体,负面
619,_,浮粉严重,使用体验,负面
620,产品效果,很好,功效,正面
620,宣传,一样,真伪,正面
621,_,还不错,整体,正面
621,外包装,挺好看的,包装,正面
622,双十一,_,价格,正面
622,特优惠哦,_,价格,正面
622,_,值得大家购买,整体,正面
623,保湿效果,非常好,功效,正面
623,_,我会一直用,整体,正面
623,_,也要推荐给朋友,整体,正面
624,_,不错,整体,正面
625,_,划算,价格,正面
625,_,很舒服,使用体验,正面
625,_,很推荐,整体,正面
626,_,很好用,整体,正面
626,_,洗完脸不干,使用体验,正面
627,香味,浓郁,气味,正面
627,香味,抹上去一会就淡化了  跟没抹没啥区别,气味,负面
627,_,跟实体店不一样水货,真伪,负面
627,_,白白浪费我的钱,整体,负面
628,活动,_,价格,正面
628,_,物美价廉,价格,正面
628,物流,非常满意,物流,正面
628,_,真不亏是**,整体,正面
629,速度,那叫一个快,物流,正面
629,东西,也是很不错的,整体,正面
630,物流,快捷给力,物流,正面
630,包装,到位严实,包装,正面
630,_,_,整体,正面
631,_,让我不得不怀疑是不是正品,真伪,负面
632,_,特别服帖,使用体验,正面
632,_,一点也不干,使用体验,正面
632,_,轻薄透气,使用体验,正面
633,_,便宜很多,价格,正面
634,一瓶,好小的,尺寸,负面
634,量,太少了,尺寸,负面
634,紫色的,_,功效,正面
635,刺鼻的味道,没有,气味,正面
635,香香的,香香的,气味,正面
635,洗过后不紧绷,不紧绷,使用体验,正面
635,_,没有紫色那款洗面奶好用,整体,负面
636,颜色,买深了,其他,负面
636,_,不错,整体,正面
636,_,拔干,使用体验,负面
636,遮瑕,一般,功效,中性
637,_,很好,整体,正面
637,_,非常好,整体,正面
637,_,越来越好,整体,正面
638,送货速度,快,物流,正面
638,小哥服务,好,服务,正面
638,面膜,水水的润润的,使用体验,正面
639,_,非常棒,整体,正面
639,_,很满意,整体,正面
640,_,水润度也还不错?,使用体验,正面
641,_,偏油,使用体验,负面
641,_,不推荐,整体,负面
642,_,不错，不错,整体,正面
643,_,还不错,整体,正面
643,_,值得购买,整体,正面
644,_,用后体验不错,使用体验,正面
645,_,敷了以后过敏,使用体验,负面
646,_,非常喜欢,整体,正面
647,_,是正品,真伪,正面
647,_,不错哦,整体,正面
648,_,很舒服,使用体验,正面
648,_,推荐,整体,正面
649,包装,就没封口,包装,负面
649,_,随时可以替换一样,真伪,负面
649,_,操控不严,整体,负面
650,_,很好啊,整体,正面
650,两瓶卸妆水,_,价格,正面
651,_,真心好用,整体,正面
651,_,提亮了我的皮肤,功效,正面
652,_,很好,整体,正面
653,泡沫,丰富,使用体验,正面
653,清洁力,强,功效,正面
653,_,有淡香,气味,正面
653,_,喜欢,整体,正面
654,_,挺好用的,整体,正面
654,做活动的,很划算,价格,正面
655,味道,淡淡的,气味,正面
655,_,不起沫,使用体验,负面
655,_,有点滑,使用体验,负面
655,_,可以试试,整体,正面
656,_,不错,整体,正面
656,_,不在那么干了,使用体验,正面
657,_,挺好用的,整体,正面
657,保湿效果,不错,功效,正面
657,睡眠面膜,挺好的,整体,正面
658,_,挺保湿的,使用体验,正面
658,_,不怎么干,使用体验,正面
658,_,送了替换装,服务,正面
659,产品,不错,整体,正面
659,_,喜欢,整体,正面
660,正品,相信,真伪,正面
660,_,放心,整体,正面
661,_,还不错,整体,正面
661,_,还可以,整体,正面
662,包装,很好,包装,正面
662,_,挺大一瓶的,尺寸,正面
662,物流,也快！！！,物流,正面
663,_,很好,整体,正面
663,_,非常不错,整体,正面
664,_,挺好的,整体,正面
664,泡沫,多,使用体验,正面
664,_,还保湿,功效,正面
665,_,便宜没好货,整体,负面
665,味儿,喷几下几分钟就没味儿了,气味,负面
666,_,很贴合,使用体验,正面
666,保湿效果,很好,功效,正面
666,_,优惠,价格,正面
667,_,很好用,整体,正面
668,_,很棒的呢,整体,正面
668,_,不刺激,使用体验,正面
668,物流,快,物流,正面
669,_,还不错,整体,正面
669,_,很细,使用体验,正面
670,_,很不错,整体,正面
670,_,满意,整体,正面
671,快递,挺快的,物流,正面
671,_,看得挺大！实际就是两瓶小样！,整体,负面
672,_,好用,整体,正面
672,补水效果,棒,功效,正面
672,精华,比较多,成分,正面
672,_,不错,整体,正面
673,_,很好,整体,正面
673,_,很满意,整体,正面
674,_,便宜一些,价格,正面
674,_,优惠一点,价格,正面
674,气味,还好,气味,正面
675,_,不好用,整体,负面
676,_,很划算,价格,正面
676,_,很舒服,使用体验,正面
677,面膜质量,好,整体,正面
677,使用,方便,使用体验,正面
677,效果,好,功效,正面
677,包装,完整,包装,正面
677,价格,实惠,价格,正面
677,快递,很快,物流,正面
677,赠品,多,其他,正面
678,_,不错,整体,正面
678,_,划算,价格,正面
679,_,很喜欢,整体,正面
680,保湿,还行,功效,正面
680,_,也不卡粉,使用体验,正面
680,价钱,优惠,价格,正面
681,速度,超快,物流,正面
681,快递小哥,超级暖心,物流,正面
681,_,同事给推荐的,整体,正面
682,活动,真的超值,价格,正面
682,_,够用一年了,整体,正面
683,_,挺好的,整体,正面
684,_,很轻薄,使用体验,正面
684,_,不浮粉,使用体验,正面
684,_,值得推荐,整体,正面
685,_,还行,整体,正面
685,_,比较粘,使用体验,负面
685,_,真的便宜,价格,正面
686,遮瑕效果,不错,功效,正面
686,颜色,很提亮,功效,正面
686,_,挺好用的,整体,正面
686,_,不错的宝贝,整体,正面
687,_,非常好的,整体,正面
687,_,很薄,使用体验,正面
687,_,很舒服的,使用体验,正面
687,_,说好就好,整体,正面
688,_,很好用,整体,正面
689,_,很好,整体,正面
689,活动,_,价格,正面
689,价格,很优惠,价格,正面
689,_,很好用,使用体验,正面
690,_,还不错,整体,正面
690,_,推荐,整体,正面
691,物流,很快,物流,正面
691,_,不错,整体,正面
691,_,值得推荐,整体,正面
692,物流,真是快,物流,正面
692,东西,也不错,整体,正面
693,_,很好用,使用体验,正面
693,遮暇效果,非常不错,功效,正面
693,_,很好的东西哦,整体,正面
694,_,便宜,价格,正面
694,_,好用,整体,正面
695,_,特别好用,整体,正面
695,_,便宜一点点,价格,正面
696,活动,_,价格,正面
696,_,比实体店实惠,价格,正面
697,包装,很精致,包装,正面
697,_,挺好的,整体,正面
697,_,是信任的,整体,正面
698,_,好评,整体,正面
698,_,可以改善肤质,功效,正面
698,上妆,比较贴,使用体验,正面
699,_,5星好评,整体,正面
700,_,不好用,整体,负面
700,_,失望,整体,负面
701,_,好用的,整体,正面
701,瓶子,超级好看,包装,正面
702,_,很好,整体,正面
702,_,很不错,整体,正面
702,_,好评,整体,正面
703,双十一,_,价格,正面
703,活动力度,还是可以的,价格,正面
703,_,划算很多,价格,正面
703,_,用着也还可以,整体,正面
704,_,假的,真伪,负面
704,外壳,一股臭塑料味,气味,负面
704,里面海绵垫,还能弄到脸上,使用体验,负面
704,_,太#了,整体,负面
704,_,无语,整体,负面
705,物流速度,真是快,物流,正面
706,补水效果,不错,功效,正面
706,物流,挺快的,物流,正面
707,_,不错,整体,正面
707,_,满意,整体,正面
708,_,还不错,整体,正面
709,_,很好,整体,正面
709,_,很服贴,使用体验,正面
709,精华液,很卵,成分,负面
709,_,比想象的还要好,整体,正面
710,补水效果,没有芦荟胶好,功效,负面
711,_,挺好的,整体,正面
711,_,很划算,价格,正面
712,物流,很快,物流,正面
712,_,好,整体,正面
713,_,还挺好用,整体,正面
713,卸,挺干净的,功效,正面
714,_,不错,整体,正面
715,_,不错,整体,正面
715,物流,超快,物流,正面
715,_,很棒,整体,正面
716,补水效果,还不错,功效,正面
717,泡沫,细腻,使用体验,正面
717,_,刚抹上有凉凉的感觉,使用体验,中性
717,_,洗完滑滑滴,使用体验,正面
717,_,还算满意,整体,正面
718,_,挺好的,整体,正面
718,_,改变肤色,功效,正面
718,_,推荐购买,整体,正面
719,_,不好,整体,负面
719,_,过敏了,使用体验,负面
720,_,超实惠,价格,正面
720,_,不油腻,使用体验,正面
720,_,挺好的,整体,正面
720,_,信赖该品牌,整体,正面
720,美白效果,不错,功效,正面
720,_,挺好,整体,正面
721,_,不错,整体,正面
722,_,清爽,使用体验,正面
722,_,用了脸长痘痘,使用体验,负面
723,_,一般,整体,中性
724,_,还不错,整体,正面
725,_,好评,整体,正面
725,_,真的挺好用的,整体,正面
725,_,也不过敏,使用体验,正面
726,发货,快,物流,正面
726,_,是正品,真伪,正面
726,价钱,便宜,价格,正面
727,_,很好用,整体,正面
727,_,补水,功效,正面
727,_,保湿,功效,正面
727,_,遮瑕,功效,正面
728,_,还可以,整体,正面
728,精华,少了点,成分,负面
729,_,很好用,整体,正面
730,_,真心的不错,整体,正面
731,_,一般,整体,中性
731,_,不怎么控油的感觉,功效,负面
731,_,有点涩,使用体验,负面
731,_,不好梳通,使用体验,负面
732,_,很不错,整体,正面
732,_,皮肤变好了,功效,正面
732,_,很喜欢,整体,正面
733,_,一般,整体,中性
734,_,很好用,整体,正面
734,_,敷脸后皮肤细腻光滑水润,功效,正面
734,性价比,高,价格,正面
735,_,便宜,价格,正面
735,_,很划算,价格,正面
735,_,还不错,整体,正面
736,物流,挺快,物流,正面
737,赠,没有,价格,负面
737,_,差评,整体,负面
737,_,刚买几天就降价12,价格,负面
737,_,一天一个价,价格,负面
737,_,以后都不来买了,整体,负面
738,水分,很足,功效,正面
738,_,很不错,使用体验,正面
738,物流,快,物流,正面
738,_,实惠,价格,正面
738,_,值得购买,整体,正面
739,_,非常喜欢,整体,正面
739,_,很满意,整体,正面
740,_,挺满意的,整体,正面
741,补水效果,不错,功效,正面
741,_,强烈推荐大家买,整体,正面
742,物流,很快,物流,正面
742,_,很划算,价格,正面
742,_,用的好,使用体验,正面
743,_,好用,整体,正面
743,清洁能力,好用,功效,正面
744,_,很不错啊,整体,正面
744,味道,好闻,气味,正面
744,遮瑕,很棒,功效,正面
744,保湿,很棒,功效,正面
745,_,挺好用的,整体,正面
745,肤色,比较好,功效,正面
746,_,不错,整体,正面
746,效果,好,功效,正面
747,_,挺快,物流,正面
748,_,有那么一丢丢的油,使用体验,负面
748,_,挺好推开的,使用体验,正面
748,防晒效果,_,功效,中性
749,_,感谢,整体,正面
750,_,效果很好,功效,正面
750,_,是正品,真伪,正面
750,_,信赖,整体,正面
751,送货,非常快,物流,正面
751,服务,好,服务,正面
751,_,很不错,整体,正面
751,性价比,很高,价格,正面
752,_,还好,整体,正面
752,_,蛮清爽,使用体验,正面
753,价格,便宜,价格,正面
753,物流速度,快,物流,正面
753,_,购物体验感好,使用体验,正面
753,_,给力,整体,正面
754,_,还好吧,整体,正面
754,_,就那回事,整体,中性
755,_,很快,物流,正面
755,_,很方便,整体,正面
755,东西,实惠,价格,正面
755,_,很好,整体,正面
755,商城,ok,整体,正面
756,_,好没有用,整体,负面
757,_,好用,整体,正面
757,效果,一样,功效,中性
758,快递,点个赞,物流,正面
758,快递,超级快,物流,正面
758,质量,杠杠滴,其他,正面
758,_,很不错,整体,正面
758,_,棒棒哒,整体,正面
759,_,还可以,整体,正面
760,_,不错,整体,正面
760,活动,实惠,价格,正面
760,效果,_,功效,中性
761,活动,给力,价格,正面
762,_,温和不刺激,使用体验,正面
762,包装,很好,包装,正面
762,质量,不错,整体,正面
763,_,确实不错,整体,正面
763,_,没让我失望,整体,正面
764,_,还还好吧,整体,中性
765,发货,很快,物流,正面
765,这款系列,超级好听,其他,正面
765,_,很不错的,整体,正面
766,_,超级赞,整体,正面
766,活动,很值,价格,正面
766,_,厉害厉害了,整体,正面
767,_,好用,整体,正面
768,_,不错,整体,正面
769,_,好用些,使用体验,正面
769,_,反映也不错,整体,正面
770,伯莱雅的味道,喜欢,气味,正面
770,这个品牌,很喜欢,整体,正面
771,物流,很快,物流,正面
771,隔离效果,很棒,功效,正面
772,_,降价,价格,负面
772,_,生气,整体,负面
772,_,买别家的,整体,负面
773,_,提亮肤色满分,功效,正面
773,_,真的太棒了,整体,正面
773,_,大爱,整体,正面
774,_,还不错,整体,正面
774,_,方便,服务,正面
775,价格,实惠,价格,正面
775,质量,有保障,整体,正面
775,服务,好,服务,正面
775,送货,快,物流,正面
776,_,不好用,整体,负面
776,味道,特别刺鼻,气味,负面
776,味道,难闻到爆,气味,负面
777,_,挺水润,使用体验,正面
778,_,一点都不好,整体,负面
778,洗面奶,跟水一样,其他,负面
778,味道,有一股味道,气味,负面
778,_,已经丢掉了,整体,负面
778,_,便宜没好货好货不便宜,价格,负面
779,_,好用,整体,正面
779,保湿效果,很好,功效,正面
779,_,喜欢,整体,正面
780,_,很自然,功效,正面
780,_,很贴妆,使用体验,正面
780,_,不打粉底都好看,功效,正面
780,_,自然,功效,正面
780,颜色,喜欢,其他,正面
780,味道,喜欢,气味,正面
781,_,便宜,价格,正面
781,_,下次需要还会再来的,整体,正面
781,_,一直用的这款,整体,正面
782,_,跟实体店买到的一样,真伪,正面
782,小礼物,_,价格,正面
782,_,真心不错,整体,正面
783,补水效果,还是很不错的,功效,正面
784,补水效果,挺不错的,功效,正面
784,_,很愉快,整体,正面
784,快递,就是快,物流,正面
785,_,挺好的,整体,正面
785,_,挺喜欢的,整体,正面
785,瓶子,很好看,包装,正面
785,_,挺舒服的,使用体验,正面
785,_,还不错,整体,正面
786,_,服帖,使用体验,正面
786,_,自然色,功效,正面
787,_,很干很干,使用体验,负面
787,_,不值,价格,负面
788,_,还不错,整体,正面
788,速度,很快,物流,正面
789,_,挺好用的,整体,正面
790,_,不好,整体,负面
790,_,便宜没好货,整体,负面
791,_,不错,整体,正面
791,_,不是太干,使用体验,正面
792,_,太苍白了些,功效,负面
793,味道,淡淡的,气味,正面
793,_,很好闻,气味,正面
793,_,很好用,使用体验,正面
793,_,会推荐给朋友,整体,正面
794,_,过敏,使用体验,负面
795,味道,香香的,气味,正面
795,外观,特别漂亮,包装,正面
796,补水效果,真的好,功效,正面
796,物流,很快,物流,正面
796,_,非常满意,整体,正面
797,_,一直在用,整体,正面
797,_,很适合我,整体,正面
798,_,就是快,物流,正面
799,效果,很不错得,功效,正面
799,补水,真的不错,功效,正面
799,祛斑效果,不大,功效,负面
800,_,还不错吧,整体,正面
801,盒子,很好看,包装,正面
802,效果,很好,功效,正面
802,香味,淡淡的,气味,正面
802,价格,很美丽,价格,正面
803,_,很好很舒服,使用体验,正面
804,包装,跟专柜有点不一样,包装,负面
804,_,比较优惠,价格,正面
804,物流,快,物流,正面
804,配送员服务,好,服务,正面
805,_,挺好的,整体,正面
805,价格,实惠,价格,正面
806,_,挺好用的,整体,正面
806,_,还可以吧,整体,正面
807,_,挺合适,价格,正面
807,_,给力,价格,正面
808,_,很好,整体,正面
809,_,好评,整体,正面
810,味道,淡淡,气味,正面
810,味道,是我喜欢的,气味,正面
810,_,很好,整体,正面
810,_,喜欢,整体,正面
811,_,非常好用,整体,正面
811,_,很薄,尺寸,正面
811,补水效果,不错,功效,正面
812,_,还不错,整体,正面
813,_,挺好用的,整体,正面
813,_,比较水润,使用体验,正面
813,上妆,挺容易,功效,正面
813,物流,很快,物流,正面
814,双十一活动,很划算,价格,正面
815,包装,完好,包装,正面
815,实物,跟图片上的差不多,整体,中性
816,**快递,值得表扬,物流,正面
816,**商城,支持,服务,正面
816,**快递,支持,物流,正面
817,物流,太给力了,物流,正面
817,物流,超级快,物流,正面
817,_,期待,整体,正面
818,_,不错,整体,正面
818,_,很温和,使用体验,正面
818,_,不刺激皮肤,使用体验,正面
819,补水效果,棒棒哒,功效,正面
819,_,好用,整体,正面
819,_,买好多次了,整体,正面
820,活动价,实惠,价格,正面
820,_,效果好,整体,正面
821,_,还不错,整体,正面
822,_,很好,整体,正面
822,_,很服帖,使用体验,正面
822,_,没有浮粉的迹象,使用体验,正面
823,_,很喜欢,整体,正面
824,_,很好用,整体,正面
825,_,不错,整体,正面
825,_,非常满意,整体,正面
826,_,太开心了,价格,正面
826,_,期待用着更好吧！?,整体,正面
827,_,不错的,整体,正面
827,_,很好推开,使用体验,正面
827,_,细腻,使用体验,正面
827,遮暇,不遮暇,功效,负面
827,均匀肤色,很好的,功效,正面
827,_,棒棒哒,整体,正面
828,速度,是挺快,物流,正面
828,快递员,辛苦了,物流,正面
829,补水效果,挺好的,功效,正面
830,物流,很快,物流,正面
830,小哥人,很好,物流,正面
830,_,越来越依赖,整体,正面
831,_,是正品,真伪,正面
832,_,还可以,整体,正面
832,_,有点点油,使用体验,中性
833,_,脸越洗越油,使用体验,负面
833,_,感觉像乳液,使用体验,负面
833,泡泡,一点泡泡都没有,使用体验,负面
833,_,感觉买了一堆垃圾,整体,负面
834,_,是正品,真伪,正面
834,_,挺好的,整体,正面
834,大瓶装,_,尺寸,中性
835,成膜,比较慢一些,使用体验,负面
835,_,挺好的,整体,正面
835,_,好用,整体,正面
836,吸收,容易,使用体验,正面
836,推开,很好,使用体验,正面
836,抗衰老成分,含有,成分,中性
836,_,性价比高,价格,正面
836,滋润,一般,功效,中性
836,保湿,一般,功效,中性
837,_,很喜欢,整体,正面
837,_,还不错,整体,正面
838,_,很好,整体,正面
839,适合肤质,还行感觉,功效,正面
839,上妆效果,挺好的,功效,正面
840,包装,还可以,包装,正面
841,_,超级好用,整体,正面
841,活动价,_,价格,正面
842,_,还行吧,整体,中性
842,_,太香了,气味,负面
842,泡泡,比较少,使用体验,负面
843,物流,蛮快的,物流,正面
843,_,不错,整体,正面
843,_,划得着,价格,正面
843,_,划得着,价格,正面
844,_,超级好用,整体,正面
844,_,洗完脸也不干,使用体验,正面
844,_,香香的,气味,正面
845,_,很不错,整体,正面
845,_,是正品,真伪,正面
846,物流,超级快,物流,正面
846,_,买一送一很划算40贴65元便宜,价格,正面
847,_,很实惠,价格,正面
848,_,不错,整体,正面
848,保湿,挺好的,功效,正面
848,快递,很快,物流,正面
849,活动,挺划算的,价格,正面
849,_,一直再用,整体,正面
850,地址,发错了,物流,负面
850,_,没收到,物流,负面
851,_,滑滑的,使用体验,正面
851,_,还不错,整体,正面
852,_,很好用,整体,正面
852,_,非常推荐,整体,正面
852,_,效果棒棒哒,功效,正面
853,_,不是特别油腻,使用体验,正面
853,_,轻薄好上妆,功效,正面
854,质量,不错的,整体,正面
854,_,不错,整体,正面
855,保湿效果,挺好的,功效,正面
855,_,是正品,真伪,正面
855,_,下次还会光顾,整体,正面
856,包装,挺好的,包装,正面
856,_,是正品,真伪,正面
857,_,总体还可以,整体,正面
857,_,也比较满意,整体,正面
858,_,还不错,整体,正面
858,_,很好的,整体,正面
859,_,正品,真伪,正面
859,_,很好,整体,正面
860,_,很好用,整体,正面
860,_,方便多了,服务,正面
860,_,划算多了,价格,正面
861,_,有点油,使用体验,负面
861,_,就很棒啦,使用体验,正面
861,防摩擦,真的很贴心,功效,正面
862,快递,三四天才到,物流,负面
862,快递,跟小快递一样,物流,负面
863,_,好油好油好油,使用体验,负面
863,_,不值得推荐,整体,负面
864,_,很好用,整体,正面
864,_,喜欢,整体,正面
865,_,挺保湿的,功效,正面
865,_,有点黏腻,使用体验,负面
866,_,香香的,气味,正面
866,_,挺好用,整体,正面
866,_,不是很贵,价格,正面
867,_,用起来还可以,使用体验,正面
867,遮暇,不能,功效,负面
868,_,好超值,价格,正面
868,_,很喜欢,整体,正面
868,_,很喜欢,使用体验,正面
868,_,不错,整体,正面
869,_,非常好用,整体,正面
870,_,不错,整体,正面
871,_,还不错,整体,正面
871,_,正品,真伪,正面
871,_,便宜,价格,正面
872,补水效果,非常好,功效,正面
872,精华,很多,成分,正面
872,皮肤,光滑,功效,正面
872,皮肤,水嫩嫩,功效,正面
872,_,很保湿不刺激,整体,正面
873,_,挺好的,整体,正面
873,包装,精美漂亮,包装,正面
873,_,一看就是正品,真伪,正面
874,客服,很贴心,服务,正面
874,_,必须五星好评,整体,正面
874,恒润乳,特别好,整体,正面
875,_,细腻柔滑,使用体验,正面
875,_,清香,气味,正面
875,_,种草了,整体,正面
876,_,最便宜的一次了,价格,正面
877,_,挺好用的,整体,正面
877,_,装的挺多的,尺寸,正面
877,_,值得购买,整体,正面
878,_,很喜欢,整体,正面
879,_,不错的,整体,正面
879,_,很轻薄,使用体验,正面
880,保湿补水,不错,功效,正面
881,_,真心不错,整体,正面
881,_,很服帖,使用体验,正面
881,_,超级划算,价格,正面
882,_,非常好,整体,正面
882,面膜,很好用,使用体验,正面
882,蚕丝面膜纸,非常贴,使用体验,正面
882,精华,好多,成分,正面
882,_,真的补水,功效,正面
883,_,大爱呀,整体,正面
883,_,非常喜欢这个,整体,正面
884,送货,真的很高效,物流,正面
885,_,还可以的呢,整体,正面
885,_,用着超舒服,使用体验,正面
886,_,还不错,整体,正面
886,_,非常实惠,价格,正面
887,_,好用,整体,正面
888,_,好用,整体,正面
888,_,自然白,功效,正面
889,快递速度,这么快,物流,正面
889,价格,这么实惠,价格,正面
889,_,第二次购买了,整体,正面
889,_,用完下次还要继续购买,整体,正面
890,_,亲民价格,价格,正面
890,_,还行,整体,正面
890,_,一直在用,整体,正面
890,_,支持,整体,正面
891,_,很满意,整体,正面
892,_,非常好用了,整体,正面
893,_,很好,整体,正面
894,_,很愉快,整体,正面
894,效果,是我想要的,功效,正面
895,_,一如既往的好用,整体,正面
896,_,好用,整体,正面
897,_,感觉不错哟,整体,正面
898,气垫,很好用,使用体验,正面
898,_,很喜欢,整体,正面
899,泡沫,没有泡沫,使用体验,负面
899,_,给人洗不干净的感觉,使用体验,负面
900,_,挺好,整体,正面
900,_,我太喜欢了,整体,正面
901,_,非常滋润,使用体验,正面
902,_,物美价廉,价格,正面
902,_,五星好评,整体,正面
903,按压,方便,使用体验,正面
903,设计,挺好,使用体验,正面
903,水,不刺激,成分,正面
903,清洁,挺干净,功效,正面
903,_,喜欢,整体,正面
904,_,很快,物流,正面
904,_,还不错,整体,正面
905,_,还阔以,整体,正面
905,_,香香的,气味,正面
905,_,很满意,整体,正面
906,快寄,很给力,物流,正面
906,小的,不知道是不是送的,其他,中性
907,_,nice,整体,正面
907,_,好用,整体,正面
907,_,是正品,真伪,正面
907,女神节的活动,超划算,价格,正面
907,_,棒棒哒,整体,正面
908,_,很保湿,功效,正面
908,礼物,谢谢,价格,正面
908,精华,很多,成分,正面
909,_,好,整体,正面
909,_,超喜欢棒棒,整体,正面
909,_,用完再买,整体,正面
909,物流,快,物流,正面
909,当天买当天就到,当天买当天就到,物流,正面
909,_,超级满意,整体,正面
910,收货,很及时,物流,正面
910,颜色,很适合我的,功效,正面
910,_,希望下次合作,整体,正面
911,隔离霜,感觉不错,整体,正面
911,_,美美哒,整体,正面
912,酒精味,太重,气味,负面
912,油,有点,使用体验,负面
912,其他,都很好,整体,正面
913,活动,_,价格,正面
913,产品,特别的不错,整体,正面
913,_,很优惠,价格,正面
913,_,一直相信,整体,正面
914,_,真的很好,整体,正面
915,_,还不错,整体,正面
916,快递,真是神速,物流,正面
916,快递,春节也没有影响,物流,正面
916,快递,太给力了,物流,正面
916,活动,比平时优惠很多,价格,正面
917,_,真的不好用,整体,负面
917,_,抹不开一样,使用体验,负面
917,_,也没有提亮肤色的效果,功效,负面
918,_,真心不错,整体,正面
919,_,还不错,整体,正面
920,味道,没错,气味,正面
920,_,是正品,真伪,正面
920,瓶盖,碎了,包装,负面
921,_,是正品,真伪,正面
921,_,好用,整体,正面
922,_,还可以,整体,正面
922,香料,唯一不足,成分,负面
923,快递,很给力,物流,正面
924,保湿效果,还不错,功效,正面
925,活动,很实惠,价格,正面
925,补水效果,很好,功效,正面
925,_,好用,整体,正面
926,_,挺好的,整体,正面
926,味道,不错,气味,正面
926,保湿,挺,功效,正面
927,_,挺好的,整体,正面
927,味道,好,气味,正面
927,_,不过敏,功效,正面
927,_,补水,功效,正面
928,_,很好,整体,正面
928,_,非常喜欢,整体,正面
928,_,直营，准没错,真伪,正面
929,_,一如既往的好,整体,正面
930,_,一如既往的好,整体,正面
930,_,喜欢喜欢喜欢喜欢喜欢喜欢,整体,正面
931,_,小小,尺寸,负面
931,_,还没感觉到明显变化,功效,中性
932,物流,快,物流,正面
932,_,一直支持,整体,正面
933,味道,比较奇怪,气味,负面
933,_,透明的,使用体验,中性
933,_,非常好吸收,使用体验,正面
933,_,轻微的黏腻感,使用体验,负面
933,_,是可以接受的程度了,整体,正面
933,_,非常非常轻微,使用体验,正面
934,到账速度,快,其他,正面
935,_,不好用,整体,负面
935,_,卡粉,使用体验,负面
936,_,还可以的,整体,正面
937,性价比,很高,价格,正面
937,活动,_,价格,正面
937,_,还是不错的,整体,正面
938,_,很服帖,使用体验,正面
938,精华,很多,成分,正面
938,_,很好用,使用体验,正面
938,_,不过敏,功效,正面
939,_,一点都不好用,整体,负面
940,保湿效果,很好,功效,正面
941,_,长逗,使用体验,负面
941,_,感觉还不错,整体,正面
941,_,自然淡化了痘痘痕迹,功效,正面
942,东西,确定好,整体,正面
942,价格,便宜,价格,正面
943,_,一般,整体,中性
943,_,没什么特别感觉,整体,中性
943,_,用用也行,使用体验,正面
943,价格,便宜,价格,正面
944,_,挺好吸收,使用体验,正面
944,_,并不油腻,使用体验,正面
944,保护措施,做的也挺好,包装,正面
944,_,没有损毁,包装,正面
945,补水效果,不错哟,功效,正面
945,_,值得购买的,整体,正面
946,_,挺好用的,整体,正面
946,_,比之前白了,功效,正面
946,包装,简陋,包装,负面
946,包装,没有盒子,包装,负面
946,_,挺划算的,价格,正面
946,_,总体满意,整体,正面
947,补水效果,不错,功效,正面
947,包装,好看,包装,正面
947,膜布,柔软,使用体验,正面
947,膜布,很薄,使用体验,正面
947,精华,满满的,成分,正面
948,_,不错,整体,正面
949,_,挺喜欢,整体,正面
949,_,很实惠,价格,正面
949,面膜,水水美美的,使用体验,正面
950,_,不错,整体,正面
951,_,有点油,使用体验,负面
951,_,就好多了,使用体验,正面
952,_,还行,整体,正面
952,_,好推开,使用体验,正面
952,眼睛,有点不舒服,使用体验,负面
953,_,Very good.,整体,正面
954,_,还不错,整体,正面
954,_,挺舒服的,使用体验,正面
955,_,提亮肤色,功效,正面
955,_,挺好用的,使用体验,正面
956,_,不错,整体,正面
956,_,很好,整体,正面
957,速度,快又好,物流,正面
957,_,很不错,整体,正面
957,_,棒棒哒,整体,正面
958,_,挺好的,整体,正面
958,颜色,不自然,功效,负面
958,_,有点假白,功效,负面
958,定妆,不持久,功效,负面
958,一盒,好少啊,其他,负面
959,_,好用,整体,正面
959,_,挺不错的,整体,正面
959,_,你值得拥有,整体,正面
960,_,没有泡沫,使用体验,负面
960,_,用了一个试用装都不知道啥感觉,整体,中性
960,快递,不咋地,物流,负面
960,快递,速度还慢,物流,负面
960,快递,唯一一个下午七点关门的快递,物流,负面
961,_,还不错,整体,正面
961,_,挺香的,气味,正面
961,泡面,不是很丰富,使用体验,负面
961,_,也挺好,整体,正面
961,_,脸也不干燥,使用体验,正面
962,_,还不错,整体,正面
963,_,很好用,整体,正面
963,物流,很快,物流,正面
964,_,不错的,整体,正面
965,_,挺水嫩的,整体,正面
966,_,脸上会卡粉,使用体验,负面
966,_,看着不自然,功效,负面
967,_,有点太贵了点,价格,负面
968,_,浮粉严重,使用体验,负面
968,_,颜色太白,功效,负面
968,_,显毛孔,使用体验,负面
969,_,很滋润,使用体验,正面
970,_,很好用,整体,正面
971,_,挺好用的,整体,正面
971,_,非常满意,整体,正面
972,_,可以,整体,正面
973,_,挺好用,整体,正面
973,_,棒棒哒,整体,正面
974,_,好用,整体,正面
974,_,经济,价格,正面
974,_,实惠,价格,正面
975,_,还不错,整体,正面
975,_,很大一箱,尺寸,正面
975,_,还可以,整体,中性
975,_,便宜,价格,正面
976,_,还可以,使用体验,正面
976,_,不黏腻,使用体验,正面
977,_,很油,使用体验,负面
977,_,不清爽,使用体验,负面
978,_,好,整体,正面
979,_,特别好用,整体,正面
979,_,很薄,使用体验,正面
979,_,很舒服,使用体验,正面
980,_,用的不错,整体,正面
981,_,有点小啊,尺寸,负面
981,_,比想象中的小,尺寸,负面
982,_,还行,整体,正面
983,_,挺温和,整体,正面
983,_,用着还可以,使用体验,正面
984,_,好用,整体,正面
984,_,不错,整体,正面
985,_,不习惯,使用体验,负面
985,_,挺好用的,使用体验,正面
985,_,好评,整体,正面
986,_,良好,整体,正面
986,_,无异常,整体,正面
986,_,喜欢,整体,正面
987,_,很好用,整体,正面
987,_,均匀肤色,功效,正面
987,_,好用,整体,正面
988,卸妆效果,很好,功效,正面
988,这个卸妆水的质量,很满意,整体,正面
989,包装,一般,包装,负面
989,包装,连个盒子都没有,包装,负面
989,样子,也就那样,整体,中性
990,_,很好用,整体,正面
990,_,味道也好闻,气味,正面
990,_,太划算了,价格,正面
991,_,很好用,整体,正面
991,_,老顾客了,整体,正面
992,_,便宜不少,价格,正面
993,_,一如既往的好,整体,正面
994,保湿补水效果,很好,功效,正面
994,吸收,特别快,使用体验,正面
994,价格,超值,价格,正面
995,_,好用,整体,正面
995,_,不刺激,使用体验,正面
996,活动,_,价格,正面
997,_,很好用,整体,正面
997,_,一直在用,整体,正面
997,_,很开心,整体,正面
997,肤色,很好,功效,正面
998,_,满意！,整体,正面
998,_,一直都用这个牌子！,整体,正面
998,吸收,好！,功效,正面
999,_,还可以吧,整体,中性
1000,发货,及时,物流,正面
1000,品种,还是那么的好,其他,正面
1001,_,一般,整体,中性
1002,_,好评,整体,正面
1002,活动,_,价格,正面
1003,_,好用,整体,正面
1003,_,很划算,价格,正面
1004,_,很喜欢,整体,正面
1004,提亮肤色,超强大的,功效,正面
1004,_,很润,使用体验,正面
1004,_,很服帖,使用体验,正面
1005,_,不是很好用,整体,负面
1006,_,还不错,整体,正面
1006,_,习惯性好评,整体,正面
1006,_,下次再买,整体,正面
1006,_,皮肤很白了,功效,正面
1007,_,买得很合适,整体,正面
1007,_,好用,整体,正面
1007,价格,亲民,价格,正面
1008,_,不错,整体,正面
1008,_,很好用,整体,正面
1009,_,比想象中的好很多,整体,正面
1009,_,不油腻,使用体验,正面
1010,_,很好,整体,正面
1010,性价比,高,价格,正面
1010,_,用起来很方便,使用体验,正面
1010,_,不浪费,使用体验,正面
1011,_,15分钟就干巴巴的了,使用体验,负面
1011,_,不理想,整体,负面
1012,_,很好用,整体,正面
1012,_,很香,气味,正面
1013,滋润亮白保湿,_,功效,正面
1013,_,非常不错,整体,正面
1014,_,应该不错吧,整体,正面
1014,_,希望好用,整体,正面
1014,瓶子,挺精致的,包装,正面
1015,_,不错,整体,正面
1015,_,好用,整体,正面
1015,快递,很快,物流,正面
1016,_,蛮好用的,整体,正面
1016,_,超喜欢,整体,正面
1016,_,超满意,整体,正面
1017,_,挺好用的,整体,正面
1017,_,很细腻,使用体验,正面
1017,遮瑕效果,挺好,功效,正面
1018,_,挺小的一支,尺寸,负面
1018,_,适合油皮,功效,正面
1018,_,不易脱妆,功效,正面
1018,色号,上脸挺自然的,功效,正面
1018,_,整体感觉不错,整体,正面
1018,_,送了一瓶卸妆水,价格,正面
1019,_,合适,价格,正面
1020,_,很舒服,使用体验,正面
1021,物流,快,物流,正面
1021,服务态度,好,服务,正面
1022,_,挺划算的,价格,正面
1023,_,好评,整体,正面
1023,_,好用,整体,正面
1024,活动,炒鸡合适,价格,正面
1024,_,真给力,整体,正面
1025,_,物有所值,整体,正面
1026,_,挺好用的,整体,正面
1026,_,实惠,价格,正面
1026,_,建议购买,整体,正面
1026,_,感觉还可以,整体,正面
1027,精华,很多,成分,正面
1027,补水,最佳,功效,正面
1027,快递员服务,超好,服务,正面
1027,_,一直在用,整体,正面
1028,这款bb霜,挺好用的,整体,正面
1028,提亮效果,好,功效,正面
1029,包装,很好,包装,正面
1029,_,无破损,包装,正面
1029,_,很喜欢的牌子,整体,正面
1030,清香,淡淡的,气味,正面
1030,_,很好闻,气味,正面
1030,替换装,有,包装,正面
1031,_,非常不错,整体,正面
1031,_,非常好用,使用体验,正面
1032,_,看起来挺好,整体,正面
1032,_,不卡粉,使用体验,正面
1033,活动,_,价格,正面
1033,_,便宜,价格,正面
1033,_,好用,整体,正面
1034,_,好失望,整体,负面
1034,保质期,是2020年的,新鲜度,负面
1034,_,没有评价那么好,整体,负面
1035,_,值得推荐,整体,正面
1035,_,超级好用,整体,正面
1035,_,易摸散,使用体验,正面
1035,_,很信赖,整体,正面
1035,_,还会回购,整体,正面
1035,一瓶只有40毫升,只有,尺寸,负面
1036,_,不错,整体,正面
1036,_,挺好用的,整体,正面
1036,_,用着还不错,使用体验,正面
1037,香精味,廉价的,气味,负面
1037,上妆,不自然,使用体验,负面
1037,_,卡粉,使用体验,负面
1037,_,试了一次就没用了,整体,负面
1038,_,是正品,真伪,正面
1038,_,用过后感觉不错,使用体验,正面
1039,_,很服帖,使用体验,正面
1039,保湿效果,还行,功效,正面
1039,_,特别划算,价格,正面
1040,快递,好快啊,物流,正面
1040,_,很好,整体,正面
1040,精华,很多,成分,正面
1041,_,不错哟,整体,正面
1042,白色的的那种,特假,真伪,负面
1042,白色的的那种,不同的,真伪,负面
1043,_,水水的,使用体验,正面
1043,_,很保湿,功效,正面
1043,_,很好用,整体,正面
1044,_,很好用,整体,正面
1044,_,是真的,真伪,正面
1045,物流,很快,物流,正面
1045,_,很满意,整体,正面
1046,_,是正品,真伪,正面
1047,_,很大,尺寸,正面
1047,_,非常方便,使用体验,正面
1048,_,一直用这个牌子,整体,正面
1048,_,清爽,使用体验,正面
1048,_,不油腻,使用体验,正面
1049,包装,完好,包装,正面
1049,_,有一点淡淡的清香味,气味,正面
1049,_,看着还好,整体,中性
1050,_,性价比很高,价格,正面
1050,_,滋润,使用体验,正面
1050,补水保湿,_,功效,正面
1050,_,不起脂肪粒,功效,正面
1050,送货,超级快,物流,正面
1051,_,不错,整体,正面
1052,保湿,不是那么好,功效,负面
1052,_,还好吧,整体,中性
1053,味道,香香的,气味,正面
1053,_,挺喜欢的,整体,正面
1053,_,好评,整体,正面
1054,味道,很清新,气味,正面
1054,泡沫,起的不多,使用体验,中性
1054,泡沫,挺细腻的,使用体验,正面
1054,清洁力度,还可以,功效,正面
1054,_,洗完不紧绷,使用体验,正面
1054,_,挺温和的,使用体验,正面
1055,_,一般般,整体,中性
1055,_,不明显,功效,负面
1056,_,一般般,整体,中性
1056,_,搓不出角质,功效,负面
1057,_,超赞,整体,正面
1057,_,大爱,整体,正面
1058,双十一优惠活动,太赞了,价格,正面
1058,_,一直用惯了,整体,正面
1059,_,好评,整体,正面
1060,物流,很快,物流,正面
1060,_,挺不错的,整体,正面
1061,发货的速度,真的是慢。。。。,物流,负面
1062,_,太香了,气味,正面
1062,_,不是很滋润,使用体验,负面
1062,遮暇效果,稍微有点,功效,正面
1063,_,超级好用,整体,正面
1063,敏感肌,不会过敏,使用体验,正面
1063,补水效果,好,功效,正面
1064,服务态度,很好,服务,正面
1064,_,我很满意,整体,正面
1065,实物,和图片一样,真伪,正面
1065,_,出汗不掉妆,功效,正面
1066,粉质,不够细,成分,负面
1066,使用,不够服帖,使用体验,负面
1066,味道,还蛮喜欢,气味,正面
1066,提亮的效果,也不错,功效,正面
1067,_,清淡,气味,正面
1067,_,不紧绷,使用体验,正面
1067,_,很舒服,使用体验,正面
1067,_,没有什么泡泡,使用体验,负面
1067,_,挺干净,功效,正面
1067,_,不刺激,使用体验,正面
1067,_,还好,整体,正面
1068,_,还不错,整体,正面
1069,火山泥,很难用,使用体验,负面
1069,洗面奶,很难用,使用体验,负面
1069,洗面奶,洗不干净,功效,负面
1069,_,油油的,使用体验,负面
1069,火山泥,不是泥,成分,负面
1069,火山泥,油乎乎的东西,成分,负面
1070,_,非常满意,整体,正面
1071,_,还不错,整体,正面
1072,_,喜欢,整体,正面
1072,_,大爱,整体,正面
1072,_,温和不刺激,使用体验,正面
1072,_,挺好用,整体,正面
1073,价格,美丽,价格,正面
1074,产品,很不错哦,整体,正面
1075,_,一般,整体,中性
1076,清洁力,不是太好,功效,负面
1076,_,脸上起痘痘了,使用体验,负面
1076,_,不适合用,整体,负面
1077,一箱子,很大,尺寸,正面
1077,赠品,很多,价格,正面
1077,效果,还行,功效,中性
1078,_,挺好用的,整体,正面
1079,_,还行,整体,正面
1079,_,不会很白,功效,正面
1079,粉扑,很硬,使用体验,负面
1079,粉扑,不好用,使用体验,负面
1080,速度,真无敌了,物流,正面
1081,_,不理想,整体,负面
1081,_,洗不干净,使用体验,负面
1081,泡沫,不细腻,使用体验,负面
1081,_,失望,整体,负面
1082,_,一如既往的好,整体,正面
1083,_,感觉还不错,整体,正面
1083,_,是正品,真伪,正面
1084,日期,新,新鲜度,正面
1084,_,看着不错,整体,正面
1085,_,一般般,整体,中性
1086,物流,很快,物流,正面
1086,_,信赖,整体,正面
1087,_,还不错,整体,正面
1087,_,和描述的一样,真伪,正面
1088,_,还可以,整体,正面
1089,_,好,整体,正面
1090,_,实惠,价格,正面
1090,_,还不错,使用体验,正面
1091,_,特持久,功效,正面
1091,_,特别容易干,使用体验,负面
1092,效果,特别好,功效,正面
1093,添加剂,很少,成分,正面
1093,添加剂,很安全,成分,正面
1093,补水,不错,功效,正面
1093,保湿,不错,功效,正面
1093,_,太粘稠了,使用体验,负面
1094,物流,给力,物流,正面
1094,_,信赖,整体,正面
1094,_,品质保证,整体,正面
1094,_,一直在用,整体,正面
1095,_,不错,整体,正面
1095,_,用了很多年,整体,正面
1096,_,还不错,整体,正面
1096,_,通透,使用体验,正面
1096,_,不会油油的,使用体验,正面
1096,遮瑕,_,功效,中性
1096,防晒,_,功效,中性
1096,_,推荐购买,整体,正面
1097,_,很好,整体,正面
1097,_,轻薄,使用体验,正面
1097,_,舒服,使用体验,正面
1098,_,挺好的,整体,正面
1098,_,提亮肤色,功效,正面
1099,香味,一般,气味,负面
1099,味道,根本就没有他们说的那持久,气味,负面
1099,_,不值得购买,整体,负面
1099,_,性价比低,价格,负面
1100,_,不错,整体,正面
1101,_,物廉价美,整体,正面
1102,_,很清爽,使用体验,正面
1102,_,不错,整体,正面
1102,价格,很划得来,价格,正面
1103,_,很满意,整体,正面
1104,_,我好像过敏了,使用体验,负面
1105,_,效果很好,功效,正面
1105,_,很补水,功效,正面
1105,_,划算,价格,正面
1106,_,非常满意,整体,正面
1107,_,好用的很,整体,正面
1108,控油效果,还可以,功效,正面
1108,香味,太香精了,气味,负面
1109,日期,比专柜差,新鲜度,负面
1109,日期,根本不是近期的,新鲜度,负面
1110,_,超级喜欢,整体,正面
1111,_,非常好,整体,正面
1111,_,舒服不过敏,使用体验,正面
1111,_,挺实惠的,价格,正面
1112,包装,还可以,包装,正面
1113,_,真的好,整体,正面
1114,_,比较温合,使用体验,正面
1114,新包装,好多了,包装,正面
1114,新包装,只要轻轻的按一下就好了,包装,正面
1114,_,点赞,整体,正面
1115,物流,好快,物流,正面
1115,服务态度,好,服务,正面
1115,_,值得购买,整体,正面
1116,_,挺好的,整体,正面
1116,_,是正品,真伪,正面
1116,_,一直相信**,真伪,正面
1116,_,没让我失望过,整体,正面
1116,_,挺开心,整体,正面
1117,物流,很快,物流,正面
1117,_,喜欢,整体,正面
1117,_,信赖,整体,正面
1118,_,实惠,价格,正面
1118,袋子,很漂亮,包装,正面
1119,_,还不错,整体,正面
1119,_,很服帖,使用体验,正面
1120,_,不错,整体,正面
1120,_,挺细腻的,使用体验,正面
1121,_,挺好,整体,正面
1121,香味,淡淡,气味,正面
1121,_,非常好用,整体,正面
1122,质量,还不错,其他,正面
1122,发货速度,快,物流,正面
1122,_,挺喜欢,整体,正面
1122,_,值得推荐,整体,正面
1123,_,希望是正品,真伪,中性
1123,_,应该很好的,整体,正面
1124,_,还行吧,整体,正面
1125,_,相当不错,整体,正面
1125,物流,给力,物流,正面
1125,_,好评！,整体,正面
1125,_,超级好评！,整体,正面
1126,_,不卡粉,使用体验,正面
1126,_,挺好的,整体,正面
1127,质地,很湿润,使用体验,正面
1127,味道,和力士香皂味道很像,气味,中性
1128,_,好评,整体,正面
1128,效果,很好,功效,正面
1128,_,很喜欢,整体,正面
1129,_,很不错,整体,正面
1130,_,挺好用的,整体,正面
1130,_,非常满意,整体,正面
1131,_,有点干,使用体验,负面
1131,_,没怎么用,使用体验,中性
1132,面膜,真心不错,整体,正面
1132,物流,超级快,物流,正面
1133,_,还不错,整体,正面
1133,_,很好用,整体,正面
1133,价格,优惠,价格,正面
1133,_,满意,整体,正面
1134,使用起来效果,还不错,使用体验,正面
1134,物流,很快,物流,正面
1135,_,满意,整体,正面
1135,_,还不错,整体,正面
1135,质地,轻薄,使用体验,正面
1135,持久效果,没有宣传的那么好,功效,负面
1135,_,发货也快,物流,正面
1136,_,棒棒哒,整体,正面
1136,_,轻薄透气,使用体验,正面
1137,_,挺大一瓶的,尺寸,正面
1137,卸妆效果,也还好,功效,中性
1137,_,肯定没有水油的那种效果好,功效,负面
1137,_,清爽,使用体验,正面
1137,_,不油腻,使用体验,正面
1138,_,很好用,使用体验,正面
1138,物流,很快,物流,正面
1138,_,送了面膜,服务,正面
1139,_,钟爱,整体,正面
1140,_,很好,整体,正面
1140,_,很划算,价格,正面
1141,_,一直用这款,整体,正面
1141,提亮肤色,很不错,功效,正面
1141,活动,多一点,价格,正面
1142,_,很好用,整体,正面
1142,香味,淡淡的,气味,正面
1142,_,用完后脸也不会有紧绷的感觉,使用体验,正面
1143,_,很舒服,使用体验,正面
1143,_,没有一点不舒服,使用体验,正面
1143,_,好评好评,整体,正面
1144,_,还行吧,整体,中性
1144,_,无功无过,整体,中性
1145,_,不错,整体,正面
1145,保温效果,好,功效,正面
1145,精华液,挺多的,成分,正面
1146,_,一直在用,整体,正面
1146,_,挺好的,整体,正面
1147,外观,还不错,整体,正面
1148,_,不错,整体,正面
1149,赠送的礼品,不错,整体,正面
1150,_,是正品,真伪,正面
1150,包装,有点不好,包装,负面
1150,包装,挺环保的,包装,正面
1151,物流,很快,物流,正面
1152,_,非常好用,整体,正面
1153,快递,很给力,物流,正面
1154,_,很喜欢,整体,正面
1154,眼光,好,其他,正面
1155,自赢,快,物流,正面
1156,_,果然是正品,真伪,正面
1157,物流,垃圾,物流,负面
1157,味道,好大,气味,负面
1158,_,非常好用,整体,正面
1158,味道,好闻,气味,正面
1159,_,很好用,整体,正面
1159,遮暇效果,很好,功效,正面
1160,_,很不错哦,整体,正面
1161,_,跟实品店一样,真伪,正面
1161,_,价格比店里低,价格,正面
1162,_,很好用,整体,正面
1163,_,不好用,整体,负面
1163,_,太干,使用体验,负面
1164,_,真快,物流,正面
1164,面膜,便宜,价格,正面
1164,效果,待试试,功效,中性
1165,_,上完妆脸白一大圈,功效,负面
1166,_,好评,整体,正面
1167,_,很好,整体,正面
1167,_,物超所值,价格,正面
1167,_,值得购买,整体,正面
1168,_,比较实惠,价格,正面
1168,补水效果,挺好,功效,正面
1169,_,还可以,整体,正面
1169,_,希望能不错吧,整体,中性
1169,_,很快,物流,正面
1170,_,垃圾产品,整体,负面
1170,_,假货,真伪,负面
1170,_,毁了,使用体验,负面
1171,_,挺好的,整体,正面
1171,_,光滑水润,功效,正面
1172,_,干皮真的别用,使用体验,负面
1172,_,偏干,使用体验,负面
1172,_,适合夏天使用,使用体验,正面
1173,味道,太刺鼻了,气味,负面
1173,价格,很实惠,价格,正面
1174,_,不错,整体,正面
1174,_,比较喜欢,整体,正面
1175,_,不错,整体,正面
1175,_,很满意,整体,正面
1176,促销,_,价格,正面
1176,性价比,很高,价格,正面
1176,_,信赖,整体,正面
1177,_,很不错,整体,正面
1178,_,比较喜欢,整体,正面
1179,_,假货,真伪,负面
1179,_,过敏,使用体验,负面
1179,防伪码,扫不出来,真伪,负面
1180,包装,不错,包装,正面
1180,自然色,还好,功效,正面
1180,粉扑,适合鼻翼两侧用,使用体验,正面
1180,_,不持久,功效,负面
1181,_,新鲜,新鲜度,正面
1181,_,特划算,价格,正面
1182,沫,不起,使用体验,负面
1182,_,不怎么好用,整体,负面
1183,_,没有特别便宜,价格,负面
1183,_,是回购的,整体,正面
1184,_,不服帖,使用体验,负面
1184,脱妆,严重,功效,负面
1184,_,假白,功效,负面
1185,卸妆液,很清爽,使用体验,正面
1185,卸妆液,不油腻,使用体验,正面
1185,_,很喜欢,整体,正面
1185,卸妆,很干净,功效,正面
1186,快递速度,真快,物流,正面
1187,质量,超乎意料的好,其他,正面
1187,_,好评,整体,正面
1187,_,赞赞赞赞赞,整体,正面
1188,_,便宜了很多,价格,正面
1188,_,好用,整体,正面
1188,_,好评,整体,正面
1189,_,不开心,整体,负面
1190,_,不错,整体,正面
1190,_,值得回购,整体,正面
1190,_,是正品,真伪,正面
1190,_,敷出来效果挺好的,功效,正面
1191,_,卸的挺干净的,使用体验,正面
1192,_,超级喜欢,整体,正面
1193,_,是正品,真伪,正面
1194,_,喜欢用,整体,正面
1194,_,比较细腻,使用体验,正面
1194,_,不油腻,使用体验,正面
1194,_,挺好的,整体,正面
1195,_,很好,整体,正面
1195,_,值得了,价格,正面
1196,物流,相当快,物流,正面
1196,包装,精致,包装,正面
1196,_,一如既往的好,整体,正面
1196,_,值得拥有,整体,正面
1197,_,不错,整体,正面
1197,_,脸也不干了,使用体验,正面
1197,_,也白了很多,功效,正面
1198,效果,挺好,功效,正面
1198,_,满意,整体,正面
1199,_,很喜欢,整体,正面
1199,_,用的非常好,使用体验,正面
1200,_,挺好的,整体,正面
1201,_,不错,整体,正面
1201,_,不错,整体,正面
1202,_,很好用,整体,正面
1203,_,还是挺不错的,整体,正面
1203,水乳,很滋润,功效,正面
1204,物流,又快又好,物流,正面
1205,_,便宜还好用,整体,正面
1205,香味,清淡的,气味,正面
1206,_,一如既往的好一如既往的好,整体,正面
1207,_,蛮不错的,整体,正面
1208,_,很不错,整体,正面
1209,_,水润,使用体验,正面
1209,_,提亮肤色,功效,正面
1209,_,自然,使用体验,正面
1209,_,很满意,整体,正面
1210,补水效果,很棒,功效,正面
1211,效果,不错,功效,正面
1211,_,一直在用这个牌子,整体,正面
1212,_,超好用,整体,正面
1212,_,很水润,使用体验,正面
1212,_,真的好用,整体,正面
1212,_,超值,价格,正面
1213,_,不错,整体,正面
1213,_,明显变好了点,功效,正面
1214,_,水润透气,使用体验,正面
1214,_,清风般的享受,使用体验,正面
1214,质量,不错,整体,正面
1214,_,值得拥有,整体,正面
1215,水乳,很好用,使用体验,正面
1216,_,比较水润哦,使用体验,正面
1216,_,还算可以,整体,中性
1217,_,很细腻,使用体验,正面
1217,_,清爽,使用体验,正面
1217,_,不干燥,使用体验,正面
1217,_,安利,整体,正面
1218,_,一如既往地好,整体,正面
1219,_,很油,使用体验,负面
1219,_,用完满脸油,使用体验,负面
1219,_,会好点,使用体验,正面
1220,_,好用,整体,正面
1220,送的东西,还不少,服务,正面
1221,_,挺好的,整体,正面
1221,味道,清新,气味,正面
1221,_,滋润又不粘腻,使用体验,正面
1222,_,很薄,使用体验,正面
1222,水分,很多,成分,正面
1222,_,很舒服,使用体验,正面
1222,_,清爽,使用体验,正面
1223,效果,不错,功效,正面
1223,各10片,_,尺寸,中性
1224,_,还不错,整体,正面
1224,价格,合理,价格,正面
1224,_,值得推荐,整体,正面
1225,物流,很快,物流,正面
1225,_,好用,整体,正面
1226,_,挺喜欢的,整体,正面
1227,_,很好,整体,正面
1228,提亮遮暇能力,强,功效,正面
1229,_,挺好的,整体,正面
1229,_,用的好快,使用体验,负面
1230,味道,一点也不好闻,气味,负面
1230,味道,臭死了,气味,负面
1231,包装,无损坏,包装,正面
1231,清香味,淡淡的,气味,正面
1231,保湿效果,挺好的,功效,正面
1231,_,挺不错的,整体,正面
1232,速度,很快,物流,正面
1232,_,不错,整体,正面
1233,外面,有点脏,包装,负面
1233,霜,泄露了,包装,负面
1234,味道,很好闻,气味,正面
1235,面膜,很好用,使用体验,正面
1235,物流,很快,物流,正面
1236,_,很大一瓶,尺寸,正面
1236,按压式的设计,单手操作也毫不费力,包装,正面
1236,气味,没有刺鼻的,气味,正面
1236,_,很温和,使用体验,正面
1236,卸妆,很干净,功效,正面
1236,包装,特别再仔细,包装,正面
1236,_,很满意,整体,正面
1237,遮暇效果,一点遮暇效果都没有,功效,负面
1237,妆,很容易花,使用体验,负面
1237,_,感觉被骗了,整体,负面
1238,_,没想象的那么好,整体,负面
1238,_,便宜没好货,整体,负面
1238,_,好货不便宜,整体,负面
1238,好小,好小,尺寸,负面
1239,_,还不错,整体,正面
1240,_,不算太满意,整体,负面
1240,_,很干,使用体验,负面
1241,_,好用,整体,正面
1241,上妆效果,好用,功效,正面
1241,上妆效果,亲肤,功效,正面
1241,持久情况,不油,使用体验,正面
1241,适合肤质,_,功效,正面
1242,_,真的很好用哦,整体,正面
1243,物流,真的是超快,物流,正面
1243,包装,高大上很好没有破损,包装,正面
1244,_,便宜,价格,正面
1244,_,实惠,价格,正面
1244,_,非常好用,整体,正面
1245,_,可以,整体,正面
1245,_,挺白的,功效,正面
1246,效果,很好,功效,正面
1247,_,很赞,整体,正面
1247,_,很喜欢,整体,正面
1248,_,好用,整体,正面
1249,_,很好用,整体,正面
1249,_,水水的,使用体验,正面
1249,_,嫩嫩的,功效,正面
1250,保湿效果,很好,功效,正面
1251,包装,好多了,包装,正面
1251,效果,未知,功效,中性
1252,_,很好用,整体,正面
1252,味道,很好闻,气味,正面
1252,_,我很喜欢！,整体,正面
1253,_,还好,整体,正面
1254,香味,挺重的,气味,负面
1255,_,挺好用,整体,正面
1255,_,很轻薄,使用体验,正面
1256,价格,实惠,价格,正面
1256,_,不会干,使用体验,正面
1256,保持时间,较长,功效,正面
1256,_,不用一直补妆,功效,正面
1257,_,不错的,整体,正面
1258,乳液,挺多的,成分,正面
1258,_,真不错,整体,正面
1259,精华液,很多,成分,正面
1259,补水效果,不错,功效,正面
1260,_,好评,整体,正面
1261,_,一大瓶,尺寸,正面
1261,_,可以用一阵,使用体验,正面
1261,_,喜欢,整体,正面
1261,_,不刺皮肤,使用体验,正面
1261,_,擦的干净,功效,正面
1262,_,非常好用,整体,正面
1262,_,不油腻,使用体验,正面
1262,_,很清爽,使用体验,正面
1262,_,大爱,整体,正面
1263,_,快,物流,正面
1264,_,很好用,整体,正面
1264,_,放心购买,整体,正面
1265,_,很不错,整体,正面
1265,味道,很好闻,气味,正面
1265,保湿,_,功效,正面
1266,物流,很快啊,物流,正面
1266,_,很好,整体,正面
1266,_,值得购买,整体,正面
1267,_,还不错,整体,正面
1268,_,不是很适合混合皮,使用体验,负面
1268,_,真的真的很油,使用体验,负面
1269,_,很好很好非常好,整体,正面
1270,_,挺好的,整体,正面
1271,_,比预想的差太多了,整体,负面
1271,_,一分钱一分货,价格,负面
1271,镜子,是松的,整体,负面
1271,散粉,整的到处都是,包装,负面
1271,香味,很浓,气味,负面
1272,_,一如既往的好,整体,正面
1273,_,还可以,整体,正面
1273,_,很实惠！,价格,正面
1274,补水效果,很好,功效,正面
1275,_,好用,整体,正面
1275,滋润度,非常好,功效,正面
1275,_,不干,使用体验,正面
1275,_,不卡粉,使用体验,正面
1275,_,棒棒哒,整体,正面
1276,_,一直都在用,整体,正面
1276,_,挺好的,整体,正面
1277,_,还不错哟,整体,正面
1278,_,湿润,功效,正面
1278,_,自然,使用体验,正面
1278,_,很好,整体,正面
1279,_,好,整体,正面
1279,_,非常满意,整体,正面
1279,_,非常喜欢,整体,正面
1280,_,很不错,整体,正面
1280,_,喜欢,整体,正面
1280,搞活动,很合适,价格,正面
1281,补水效果,非常好,功效,正面
1282,_,还挺满意的,整体,正面
1283,_,好就是好,整体,正面
1284,_,还有一层，洗不掉,使用体验,负面
1284,_,倒是不紧绷,使用体验,正面
1285,_,小了一点,尺寸,负面
1285,_,很好用,使用体验,正面
1285,_,很香,气味,正面
1285,那张小黑纸,掉色了,其他,负面
1286,_,真心不错的,整体,正面
1287,_,应该还不错,整体,正面
1288,_,很不错,整体,正面
1288,_,不错,整体,正面
1289,_,还可以吧,整体,正面
1290,_,还不错,整体,正面
1291,_,效果很不错,整体,正面
1291,保湿效果,很好,功效,正面
1291,_,非常满意,整体,正面
1292,_,价格实惠,价格,正面
1292,_,真的赚大了,价格,正面
1292,_,比实体店便宜多了,价格,正面
1293,上妆,很不错,功效,正面
1293,味道,太香了,气味,负面
1294,_,还行,整体,正面
1294,_,比较方便,整体,正面
1295,_,有点刺激皮肤,使用体验,负面
1295,_,还好,整体,正面
1296,_,一如既往的好,整体,正面
1296,_,是正品,真伪,正面
1296,_,用完还来,整体,正面
1297,_,非常好用,整体,正面
1298,_,是真品吗？,真伪,中性
1298,_,用了过敏！,使用体验,负面
1299,味道,挺好闻的,气味,正面
1299,效果,很好,功效,正面
1300,_,还不错,整体,正面
1300,这价格,很划算,价格,正面
1300,_,好评,整体,正面
1301,_,不错,整体,正面
1301,_,0.01元买的,价格,正面
1302,_,就是好,整体,正面
1302,_,好评,整体,正面
1303,_,一点都不好用,整体,负面
1303,_,最差的一次购物,整体,负面
1304,淡淡的香味,是自己喜欢的,气味,正面
1304,_,爱不释手了,整体,正面
1305,_,还可以,整体,正面
1306,保湿效果,特好,功效,正面
1306,遮瑕效果,也不错,功效,正面
1306,_,值得拥有,整体,正面
1307,_,很好用,整体,正面
1307,_,好用,整体,正面
1307,_,没有之一,整体,正面
1308,价格,挺便宜的,价格,正面
1309,_,还不错,整体,正面
1310,_,不错,整体,正面
1310,_,不错,整体,正面
1311,活动,不真实,真伪,负面
1312,_,货真价实,真伪,正面
1312,_,很放心,整体,正面
1313,_,不错哦,整体,正面
1313,价格,超实惠的,价格,正面
1314,_,好用,整体,正面
1314,_,比较敷贴皮肤,使用体验,正面
1314,_,不干燥,使用体验,正面
1314,_,比较水润,使用体验,正面
1314,_,奈斯,整体,正面
1314,_,回进行回购,整体,正面
1314,活动力度,比较大,价格,正面
1314,_,比装柜便宜,价格,正面
1315,送货速度,快,物流,正面
1315,_,还好,整体,正面
1316,_,非常好,整体,正面
1316,气色,好多了,功效,正面
1317,物流,很快,物流,正面
1317,包装,无破损,包装,正面
1317,_,是我想要的,整体,正面
1318,_,信任,整体,正面
1318,这个品牌,喜欢,整体,正面
1319,_,很香,气味,正面
1319,_,以后每天都用着再看吧,整体,正面
1320,_,很不错呢,整体,正面
1321,_,挺好,整体,正面
1321,_,好多东西,服务,正面
1322,补水效果,非常不错,功效,正面
1322,皮肤干燥缺水问题,都可以解决,功效,正面
1323,_,喜欢,整体,正面
1323,味道,很好闻,气味,正面
1324,_,不错,整体,正面
1324,_,不错,整体,正面
1325,_,不错,整体,正面
1325,美白效果,不是很好,功效,负面
1326,_,应该还是可以的吧,整体,正面
1327,_,用的还不错,整体,正面
1328,_,非常不满意,整体,负面
1329,_,没有不舒服的感觉,使用体验,正面
1330,_,还不错,整体,正面
1331,隔离,不错好用,整体,正面
1331,快递,更给力,物流,正面
1332,_,很不错的,整体,正面
1332,_,便宜,价格,正面
1332,赠品,很多,其他,正面
1333,_,很好,整体,正面
1334,_,很不错,整体,正面
1334,_,效果不错,功效,正面
1334,_,棒棒哒,整体,正面
1335,味道,有点怪,气味,负面
1336,物流,就是快,物流,正面
1336,_,喜欢,整体,正面
1336,_,还不错,整体,正面
1336,_,好很好,整体,正面
1337,效果,还不错,功效,正面
1338,_,还是很实惠,价格,正面
1339,包装,完好,包装,正面
1339,日期,比较新,新鲜度,正面
1340,服务,很不错,服务,正面
1340,_,用着不错,使用体验,正面
1341,_,非常好,整体,正面
1341,_,便宜划算,价格,正面
1342,_,很喜欢,整体,正面
1343,_,不错,整体,正面
1344,_,非常好用,整体,正面
1344,_,不油腻,使用体验,正面
1344,_,好推开,使用体验,正面
1345,_,很好用,整体,正面
1345,_,不浮粉,使用体验,正面
1346,快递,超快,物流,正面
1347,包装,蛮好的,包装,正面
1348,_,好用真心的,整体,正面
1348,_,很服帖,使用体验,正面
1348,送货,快,物流,正面
1349,下午就收到了,太给力了,物流,正面
1349,特别好闻,喜欢,气味,正面
1350,包装,好差劲,包装,负面
1350,效果,期待,功效,中性
1351,_,很好用,整体,正面
1351,_,易推开,使用体验,正面
1351,_,有一点提亮肤色的效果,功效,正面
1351,_,能用好久,价格,正面
1352,_,好好,整体,正面
1352,_,卸的非常干净,功效,正面
1353,_,很滋润,使用体验,正面
1354,_,不错,整体,正面
1354,价格,合理,价格,正面
1355,_,非常卡粉,使用体验,负面
1355,_,一点都不好用,整体,负面
1356,赠品,挺多的,价格,正面
1357,_,不错,整体,正面
1357,_,确实好用,整体,正面
1357,_,特别便宜,价格,正面
1358,_,挺好的,整体,正面
1359,_,不错,整体,正面
1359,_,很舒服,使用体验,正面
1359,_,白些了,功效,正面
1360,_,很滋润,使用体验,正面
1360,肤色,很自然,功效,正面
1361,_,很喜欢,整体,正面
1362,_,特别好用,整体,正面
1362,_,就没有了,功效,正面
1363,_,很好,整体,正面
1363,_,很好用,整体,正面
1364,物流,很快,物流,正面
1364,盒子,有点脏,包装,负面
1364,_,很润,使用体验,正面
1364,_,不干,使用体验,正面
1364,精华,都能吸收,使用体验,正面
1365,_,是正品,真伪,正面
1365,_,用着很自然,功效,正面
1365,_,昨天下的单今天就到了,物流,正面
1366,_,正品,真伪,正面
1367,_,水润清凉,使用体验,正面
1367,_,肯定是正品,真伪,正面
1367,效果,也不错,功效,正面
1368,_,送了我一盒,价格,正面
1368,_,会卡粉,使用体验,负面
1369,_,一如既往的好用,整体,正面
1369,_,自然服帖,使用体验,正面
1369,_,比实体店实惠多了,价格,正面
1370,价格,很美丽,价格,正面
1370,质量,很好,整体,正面
1370,_,很优惠,价格,正面
1371,_,应该都可以的,整体,正面
1372,_,优惠多多,价格,正面
1372,_,非常满意,整体,正面
1373,_,很好用,整体,正面
1373,_,值得推荐,整体,正面
1374,_,意外的好用,整体,正面
1374,_,非常满意,整体,正面
1375,补水效果,特别好,功效,正面
1376,_,包好装好,包装,正面
1376,_,不错,整体,正面
1377,_,很喜欢,整体,正面
1377,_,满意,整体,正面
1378,精华液,很多,成分,正面
1378,_,很好用,整体,正面
1378,_,很实惠,价格,正面
1379,_,清爽不油腻,使用体验,正面
1379,遮瑕效果,不理想,功效,负面
1380,_,还不错,整体,正面
1380,_,很喜欢,整体,正面
1381,_,特别滋润,使用体验,正面
1381,_,香香的,气味,正面
1381,_,一点都不厚重,使用体验,正面
1381,_,特别好用,整体,正面
1382,_,比较好用,整体,正面
1383,_,不错,整体,正面
1383,_,用起来不油腻,使用体验,正面
1383,补水,挺补水的,功效,正面
1383,_,滑滑的,使用体验,正面
1383,_,嫩嫩的,使用体验,正面
1384,_,不错,整体,正面
1384,_,好用,整体,正面
1384,_,超补水,功效,正面
1385,_,水份多,使用体验,正面
1385,_,滑溜溜的,使用体验,正面
1385,_,价格又合适,价格,正面
1385,_,大爱,整体,正面
1386,粉质,很细腻,使用体验,正面
1387,_,不会油油的,使用体验,正面
1387,_,不会感觉紧绷,使用体验,正面
1388,_,可以,整体,正面
1388,香味,也不是那么冲是可清新的,气味,正面
1388,包装,也不错,包装,正面
1389,_,很好,整体,正面
1390,_,很好用,整体,正面
1391,_,普通的,整体,中性
1391,效果,都差不多吧,功效,中性
1392,送货,及时,物流,正面
1392,效果,不错,功效,正面
1393,快递,很快,物流,正面
1393,客服态度,很好,服务,正面
1394,包装,挺好的,包装,正面
1394,物流,很快,物流,正面
1394,效果,不错,功效,正面
1395,_,是不是正品,真伪,中性
1395,_,在在专柜买的挺好用的,使用体验,正面
1396,_,什么都没有,价格,负面
1397,_,还可以,整体,正面
1397,_,轻薄不油腻,使用体验,正面
1397,遮瑕效果,不是特别好,功效,负面
1398,_,好不错,整体,正面
1398,_,喜欢,整体,正面
1398,质量,好,其他,正面
1398,价格,优,价格,正面
1399,包装,没有,包装,负面
1399,胶袋,_,包装,负面
1399,_,真假很难说,真伪,负面
1400,价格,低,价格,正面
1400,_,还好用,整体,正面
1400,_,好好用了,使用体验,正面
1401,_,很好用,整体,正面
1401,_,不干,使用体验,正面
1401,_,提亮肤色,功效,正面
1402,_,铁粉,整体,正面
1402,_,很喜欢,整体,正面
1403,_,清爽,使用体验,正面
1403,_,不油腻,使用体验,正面
1404,效果,可以的,功效,正面
1405,价格,还不错,价格,正面
1406,_,没有那么好,整体,负面
1406,_,太黏了,使用体验,负面
1406,_,吸收的也不好,使用体验,负面
1407,_,很水润,使用体验,正面
1407,快递,很快,物流,正面
1407,_,搞活动,价格,正面
1408,水漾心机,很不错,整体,正面
1408,活动,超级划算,价格,正面
1408,赠品,能多一点,服务,中性
1409,_,好用,整体,正面
1410,_,真的很好用,整体,正面
1410,_,水水的,使用体验,正面
1411,_,不错,整体,正面
1411,包装,好看,包装,正面
1411,_,还不错,整体,正面
1412,发货,快,物流,正面
1412,送货上门,方便,物流,正面
1412,_,好评,整体,正面
1413,_,还不错,整体,正面
1414,包装,太旧了,包装,负面
1414,_,感觉自己买到的不会是假的吧,真伪,中性
1414,_,还没有生产日期,新鲜度,负面
1415,_,物美价廉,价格,正面
1415,效果,非常好,功效,正面
1415,配送速度,特别快,物流,正面
1415,服务,很好,服务,正面
1416,_,一分钱一分货,整体,负面
1416,_,质量不咋地,整体,负面
1416,_,脸上有白沫之类的东西,成分,负面
1416,面膜纸,不行,成分,负面
1417,味道,太腻了,气味,负面
1417,味道,不好闻,气味,负面
1417,_,难受,整体,负面
1418,_,好用,整体,正面
1418,_,不油腻,使用体验,正面
1418,价格,实惠,价格,正面
1419,_,是正品,真伪,正面
1419,_,没有激素,成分,正面
1419,吸收,还不错,使用体验,正面
1419,_,好评,整体,正面
1420,_,用着还不错,使用体验,正面
1420,_,不卡粉,使用体验,正面
1420,价格,实惠,价格,正面
1421,片数,多,尺寸,正面
1421,快递,就是快,物流,正面
1421,_,一直在买买买,整体,正面
1422,_,还不错,整体,正面
1423,_,超爽,使用体验,正面
1423,_,挺喜欢的,整体,正面
1424,香味,淡淡的,气味,正面
1424,泡沫,丰富,使用体验,正面
1424,_,要多冲洗几次才能洗干净,使用体验,负面
1425,包装,完好,包装,正面
1425,物流,很快,物流,正面
1425,_,期待效果,整体,正面
1426,_,白了一度,功效,正面
1426,快递小哥,辛苦,物流,正面
1427,_,很好,整体,正面
1427,_,很喜欢,整体,正面
1427,_,很保湿,功效,正面
1428,_,不错,整体,正面
1428,送货速度,很快,物流,正面
1429,_,轻松一抹瞬间提亮肤色,功效,正面
1429,_,不卡粉,使用体验,正面
1429,_,感觉很不错,整体,正面
1429,_,值得购买,整体,正面
1430,包装,非常精美,包装,正面
1431,_,不错,整体,正面
1431,_,值得拥有,整体,正面
1432,量,很足,成分,正面
1432,精华液,很多,成分,正面
1432,_,水水的,使用体验,正面
1433,_,挺好用,整体,正面
1433,价格,美丽,价格,正面
1434,_,很好,整体,正面
1434,_,信赖,整体,正面
1435,_,不会假白,功效,正面
1435,_,显得肤色很好,功效,正面
1435,_,喜欢,整体,正面
1436,_,很好,整体,正面
1437,_,还行,整体,正面
1438,_,吸收挺好,使用体验,正面
1438,_,很容易吸收,使用体验,正面
1438,_,水嫩水嫩的,使用体验,正面
1439,护肤品,都很不错,整体,正面
1439,卸妆水,效果不错，不刺激,功效,正面
1440,_,很舒适,使用体验,正面
1440,_,非常细腻,使用体验,正面
1441,_,好用,整体,正面
1441,_,不卡粉,功效,正面
1442,_,还行,整体,正面
1443,_,还可以,整体,正面
1443,鼻翼两侧,有点卡,使用体验,负面
1444,_,不会回购,整体,负面
1444,_,差差差差差,整体,负面
1444,补水,不补水,功效,负面
1444,_,垃圾,整体,负面
1445,_,不错,整体,正面
1445,质量,刚刚的,整体,正面
1446,起泡,不是很多,使用体验,负面
1446,_,很温和,使用体验,正面
1446,快递运输,可能有折痕,物流,负面
1447,赠品,_,价格,正面
1447,_,就是好,整体,正面
1447,_,又快又给力,物流,正面
1448,_,很好用,整体,正面
1448,_,很显白,功效,正面
1448,_,也特别好推开,使用体验,正面
1448,使用感,和**的差不多,使用体验,中性
1448,_,好评,整体,正面
1448,送货,也很快,物流,正面
1449,_,特别拔干,使用体验,负面
1449,_,不好推开,使用体验,负面
1450,_,和实体店的一样,整体,正面
1450,_,便宜多了,价格,正面
1451,_,还不错,整体,正面
1452,_,很小,尺寸,负面
1453,_,很好,整体,正面
1453,物流,也是很给力的,物流,正面
1454,_,很自然,使用体验,正面
1455,_,非常好用,整体,正面
1455,_,不干,使用体验,正面
1455,_,持久度好,功效,正面
1456,_,不错,整体,正面
1457,_,挺好的,整体,正面
1457,物流,快,物流,正面
1457,_,方便快捷,整体,正面
1458,_,不错,整体,正面
1458,_,挺好用的,整体,正面
1459,黑眼圈,没多大变化,功效,负面
1460,包装,还是一样的,包装,中性
1460,_,不错的,整体,正面
1460,洗面奶,都不够用,尺寸,负面
1461,_,还行,整体,正面
1462,_,不错,整体,正面
1462,味道,跟以往有些不一样了,气味,负面
1463,_,非常好用,整体,正面
1464,隔离,挺好用的,使用体验,正面
1465,_,很好,整体,正面
1466,清洁能力,一般,功效,中性
1467,_,是正品,真伪,正面
1467,_,和专卖店的一样,整体,正面
1468,_,很喜欢,整体,正面
1469,_,挺好用的,整体,正面
1470,_,全五星好评,整体,正面
1471,味道,挺舒服的,气味,正面
1471,_,还不错,整体,正面
1472,_,特别好用,整体,正面
1473,_,是真的好啊,整体,正面
1473,_,值了,价格,正面
1474,自然色,和我的肤色很相近,功效,正面
1474,_,简单易操作,使用体验,正面
1475,_,挺好的,整体,正面
1475,薄薄的,薄薄的,尺寸,正面
1476,_,很好的东西,整体,正面
1476,_,老板很满意,整体,正面
1476,_,做饭积极性都提高了,使用体验,正面
1477,_,还可以,整体,正面
1477,赠品,_,价格,正面
1477,_,可以吧,整体,中性
1478,_,很划算,价格,正面
1478,味道,好闻,气味,正面
1479,效果,不错,功效,正面
1480,_,不紧绷了,使用体验,正面
1480,_,不再起干皮了,使用体验,正面
1480,_,挺舒服,使用体验,正面
1481,_,还行,整体,中性
1481,这价格,变动太快,价格,负面
1482,卸妆,很干净,功效,正面
1482,_,很好用,整体,正面
1482,_,温和不刺激,使用体验,正面
1483,_,不错,整体,正面
1484,_,还可以,整体,正面
1484,_,有点干,使用体验,中性
1485,_,挺好用的,整体,正面
1485,_,清爽,使用体验,正面
1485,_,不粘腻,使用体验,正面
1486,价格,便宜,价格,正面
1486,质量,挺好的,整体,正面
1486,_,值得信赖,整体,正面
1486,_,下次还会再来的,整体,正面
1487,_,挺好的,整体,正面
1487,物流,很快,物流,正面
1487,快递小哥,态度很好,服务,正面
1488,这款牌子粉底液,特别好用,整体,正面
1489,_,好,整体,正面
1490,服务,特好,服务,正面
1490,_,看着很好,整体,正面
1490,_,用完回购,整体,正面
1491,_,东西很满意,整体,正面
1491,_,是正品,真伪,正面
1491,_,很划算,价格,正面
1492,_,超好用,整体,正面
1492,_,有点不开心,价格,负面
1493,_,好用,使用体验,正面
1493,_,实惠,价格,正面
1494,_,不错,整体,正面
1494,_,很水润,使用体验,正面
1494,_,值得购买,整体,正面
1495,_,挺不错的,整体,正面
1496,_,不错,整体,正面
1496,_,挺好用的,使用体验,正面
1496,买一赠一,很划算,价格,正面
1497,_,是正品,真伪,正面
1497,到货,很快,物流,正面
1498,_,很适合我的皮肤,使用体验,正面
1498,_,一样好用,整体,正面
1498,_,先好评,整体,正面
1499,效果,挺好,功效,正面
1500,_,不错不错,整体,正面
1500,量,太少了,尺寸,负面
1501,_,挺好用的,整体,正面
1501,_,很方便,使用体验,正面
1502,_,挺好用的,整体,正面
1502,_,挺滋润的,使用体验,正面
1502,快递小哥服务态度,真的没得说了一个字好,服务,正面
1503,_,还不错,整体,正面
1504,_,不错,整体,正面
1504,_,很喜欢,整体,正面
1505,_,很好用,整体,正面
1506,_,非常好的,整体,正面
1507,补水效果,不错,功效,正面
1507,价格,合理,价格,正面
1507,快递,给力,物流,正面
1507,_,信赖,整体,正面
1508,快递,超快,物流,正面
1508,_,很满意的一次购物,整体,正面
1508,优惠力度,很大,价格,正面
1508,_,不知道怎么样,整体,中性
1509,价格,有点小贵,价格,负面
1509,价格,比别的地方贵,价格,负面
1509,_,物有所值,整体,正面
1509,_,大品牌,整体,正面
1509,_,值得信赖,整体,正面
1510,补水的,很好用,功效,正面
1510,黑色清洁的,不怎么样,功效,负面
1510,人鱼的,也不太好,功效,负面
1511,_,很好用,整体,正面
1511,价格,不会很贵,价格,正面
1512,保湿,一般吧,功效,中性
1513,优惠活动,_,价格,正面
1513,价格,实惠哦,价格,正面
1514,发货速度,超快,物流,正面
1514,_,必须点个赞,整体,正面
1514,_,合适,整体,正面
1514,保湿效果,也好,功效,正面
1515,_,还不错,整体,正面
1515,_,还是能遮瑕的,功效,正面
1515,_,用了气垫不近看，看不出来,功效,正面
1516,_,超级划算,价格,正面
1517,味道,很好闻,气味,正面
1518,清洁能力,干爽舒服,功效,正面
1519,_,好用,整体,正面
1519,_,不油腻,使用体验,正面
1519,_,很自然,功效,正面
1519,_,服帖,使用体验,正面
1520,清洁能力,很好,功效,正面
1520,味道,挺好闻,气味,正面
1520,_,挺好用的,使用体验,正面
1521,_,不喜欢,整体,负面
1521,_,很紧绷,使用体验,负面
1521,味道,不好,气味,负面
1522,_,非常好,整体,正面
1523,_,挺不错的,整体,正面
1523,_,很细腻,使用体验,正面
1523,_,很自然,功效,正面
1524,_,很好用,整体,正面
1524,_,水嫩,功效,正面
1524,_,光泽,功效,正面
1524,_,不错哦,整体,正面
1524,_,超值,价格,正面
1525,_,挺好,整体,正面
1525,_,是正品,真伪,正面
1525,替换装,送了,服务,正面
1526,活动,_,价格,正面
1526,_,还是不错的,整体,正面
1527,_,好用,整体,正面
1528,价格,便宜,价格,正面
1528,_,很好用,使用体验,正面
1528,_,下次再买,整体,正面
1529,效果,不错,功效,正面
1530,_,非常不错,整体,正面
1530,_,很喜欢,整体,正面
1531,_,很好,整体,正面
1531,物流,给了,物流,正面
1531,_,不错,整体,正面
1532,_,太白了,功效,负面
1532,_,涂的很少的一点点都不行,功效,负面
1533,_,挺好的,整体,正面
1533,精华液,很多,成分,正面
1534,_,还可以,整体,正面
1535,包装,完好,包装,正面
1535,_,跟图片上的差不多,整体,中性
1536,_,很喜欢,整体,正面
1536,_,不错,整体,正面
1537,成分,安全,成分,正面
1537,补湿效果,还可以,功效,正面
1537,_,值得一试,整体,正面
1538,_,非常好用,整体,正面
1538,_,不紧绷,使用体验,正面
1539,_,很滋润,使用体验,正面
1539,_,很自然,功效,正面
1539,_,挺满意的,整体,正面
1540,送货,很快,物流,正面
1540,快递师傅,很耐心,服务,正面
1541,味道,不错很好闻,气味,正面
1542,_,不错,整体,正面
1542,_,给力,整体,正面
1543,_,伪劣品,真伪,负面
1544,_,头发油的更快了,使用体验,负面
1545,价格,很实惠,价格,正面
1545,_,不错,整体,正面
1546,_,还可以,整体,正面
1546,小的,_,尺寸,负面
1547,_,物美价廉,整体,正面
1548,_,用的不错哦,使用体验,正面
1548,_,物美价廉,价格,正面
1548,_,推荐给大家,整体,正面
1549,物流,很快,物流,正面
1549,那么大一瓶卸妆水,超乎想象,尺寸,正面
1550,_,好用,整体,正面
1550,_,挺好用的,整体,正面
1550,买两件打折,_,价格,中性
1551,质量,不错,整体,正面
1551,_,超级划算,价格,正面
1552,_,非常好用,整体,正面
1552,膜,服帖,使用体验,正面
1552,肤色,明显提亮,功效,正面
1553,_,不错,整体,正面
1554,_,不错,整体,正面
1554,质量,不错,整体,正面
1555,_,挺好的,整体,正面
1556,_,不错哦,整体,正面
1557,_,还可以,整体,正面
1558,_,还可以,整体,正面
1558,便宜,便宜,价格,正面
1559,_,温和的,使用体验,正面
1560,_,还不错,整体,正面
1560,_,很保湿,功效,正面
1560,价格,很实惠,价格,正面
1560,_,好评,整体,正面
1561,_,好用,整体,正面
1561,_,都很喜欢,整体,正面
1562,_,不错,整体,正面
1563,_,第二天就收到了,物流,正面
1563,隔离,非常好的,整体,正面
1564,东西,放心些,真伪,正面
1564,配送速度,很快,物流,正面
1565,_,还不错,整体,正面
1566,_,不错,整体,正面
1566,_,好使,整体,正面
1566,_,感觉挺好,整体,正面
1567,_,不油腻,使用体验,正面
1567,_,很好上妆,使用体验,正面
1567,_,喜欢,整体,正面
1568,颜值,不错,整体,正面
1568,送货,快,物流,正面
1568,服务,好,服务,正面
1568,质量,不错,整体,正面
1568,_,一如既往地支持,整体,正面
1569,_,挺好用的,整体,正面
1570,_,好开心哦,整体,正面
1570,_,好评好评,整体,正面
1571,商品质量,好,整体,正面
1571,物流,快,物流,正面
1572,味道,不是很喜欢,气味,负面
1572,肤感,不错,使用体验,正面
1572,_,很值,整体,正面
1573,_,挺不错的,整体,正面
1574,_,特别好,整体,正面
1575,_,辣眼睛,使用体验,负面
1576,_,很满意,整体,正面
1576,快递小哥速度,杠杠滴,物流,正面
1576,态度,不错,服务,正面
1577,_,挺补水的,功效,正面
1577,_,看好,整体,正面
1578,_,应该是真的吧,真伪,中性
1579,_,很不错,整体,正面
1579,_,值得购买,整体,正面
1580,_,应该是正品,真伪,正面
1580,赠品,也很多,价格,正面
1580,_,感觉还可以,整体,正面
1581,_,还不错,整体,正面
1582,保湿,值得信赖,功效,正面
1582,补水,值得信赖,功效,正面
1583,_,非常好,整体,正面
1583,_,绝对物超所值,价格,正面
1584,_,还不错,整体,正面
1584,_,方便快捷,服务,正面
1585,_,非常不错,整体,正面
1585,_,有很明显效果,功效,正面
1585,_,还不容易脱妆,使用体验,正面
1586,_,很实惠,价格,正面
1586,_,挺划算的,价格,正面
1587,_,挺好的,整体,正面
1587,_,效果还是不错的,功效,正面
1587,_,比较水润,使用体验,正面
1587,_,不油腻,使用体验,正面
1587,_,很清爽,使用体验,正面
1588,_,非常好用,整体,正面
1588,质量,一如既往的好,其他,正面
1589,_,非常棒,整体,正面
1589,_,嫩嫩的,使用体验,正面
1590,气味,很好闻,气味,正面
1590,_,调整肤色变得白皙一些,功效,正面
1590,_,推荐,整体,正面
1591,_,有点干,使用体验,负面
1591,_,总体还可以,整体,正面
1591,_,值得购买,整体,正面
1592,_,很喜欢,整体,正面
1592,味道,很淡,气味,正面
1592,味道,不厚重,气味,正面
1592,价格,也不贵,价格,正面
1592,_,有点淡淡的亮,其他,正面
1593,_,产品一般,整体,中性
1593,保持时间,比较短,功效,负面
1593,保湿,还行,功效,正面
1593,_,没有浮粉,使用体验,正面
1594,卸妆,挺干净的,功效,正面
1594,_,满意,整体,正面
1595,_,还可以,整体,正面
1596,联名的,_,其他,中性
1596,_,很划算,价格,正面
1596,补水,_,功效,中性
1597,量,挺多的,其他,正面
1598,_,挺好的,整体,正面
1598,_,便宜,价格,正面
1599,精华液,没有我在实体店多,成分,负面
1599,_,有点小失望,整体,负面
1600,价格,美丽,价格,正面
1600,_,很温和,使用体验,正面
1601,价格,其实和平时也差不多,价格,中性
1601,效果,还行吧,功效,正面
1602,价格,便宜,价格,正面
1602,性价比,一般,价格,中性
1603,_,总体还是不错的,整体,正面
1603,_,自然,使用体验,正面
1603,遮瑕效果,不错,功效,正面
1603,那层海绵,会有一点脱落,使用体验,负面
1604,物流,快,物流,正面
1604,价格,便宜,价格,正面
1605,_,非常好,整体,正面
1605,_,非常滋润,使用体验,正面
1605,遮瑕,_,功效,正面
1605,香味,淡淡的,气味,正面
1606,_,非常好用,整体,正面
1606,提亮效果,明显,功效,正面
1606,_,不卡粉,使用体验,正面
1606,_,特别服帖,使用体验,正面
1606,_,值得拥有,整体,正面
1607,_,还行,整体,正面
1607,香味,淡些会更好,气味,负面
1608,快递,很快,物流,正面
1609,_,起了一层小痘痘,使用体验,负面
1610,这款,没有之前买的粉瓶更滋润,使用体验,负面
1610,这款,还是比较稀的,使用体验,负面
1611,_,很好用的,整体,正面
1611,_,很滋润,使用体验,正面
1611,_,是我想要的,整体,正面
1612,外壳,软趴趴的,包装,负面
1612,设计,有问题,包装,负面
1612,_,又瘦又长,尺寸,负面
1612,_,放都不好放,使用体验,负面
1613,水,挺多,功效,正面
1613,_,还不错,整体,正面
1613,_,算是2.1一片,价格,正面
1614,_,挺喜欢,整体,正面
1615,_,真心不错,整体,正面
1615,_,值得购买,整体,正面
1616,_,和在实体店买的一样,真伪,正面
1616,_,滋润,功效,正面
1616,_,服帖,使用体验,正面
1616,_,卖家赠送了更多东西,价格,正面
1616,精油皂,好可爱啊,整体,正面
1617,_,非常的不错,整体,正面
1617,送的东西,很多,价格,正面
1617,_,淡淡的清香,气味,正面
1618,隔离效果,特别高,功效,正面
1618,_,很水润,使用体验,正面
1619,_,不错,整体,正面
1620,_,很不错,使用体验,正面
1620,量,很足,尺寸,正面
1620,出水口设计的,很棒,使用体验,正面
1621,_,很好,整体,正面
1621,商家,很热心,服务,正面
1621,_,体贴入微,服务,正面
1621,_,使我心想事成,整体,正面
1622,_,还可以,整体,正面
1622,_,好小,尺寸,负面
1623,_,超级划算,价格,正面
1623,颜色,很自然,功效,正面
1623,_,喜欢,整体,正面
1624,_,很持久,使用体验,正面
1624,_,到了下班回家都不会脱掉,使用体验,正面
1624,_,挺舒服,使用体验,正面
1625,_,还不错的,整体,正面
1625,_,一直在用,整体,正面
1626,_,高大上,整体,正面
1626,_,很精致,整体,正面
1626,_,送了好多东西,服务,正面
1627,_,很好用,整体,正面
1628,清洁能力,一般般吧,功效,中性
1629,_,很好,整体,正面
1629,_,物有所值,整体,正面
1630,_,那么轻的,使用体验,负面
1630,_,像水一样的,使用体验,负面
1630,_,不知是不是假的,真伪,负面
1631,_,好用好用,整体,正面
1631,物流配送服务,非常好,物流,正面
1631,包装,升级,包装,正面
1631,品质,不变,整体,正面
1632,_,物超所值,价格,正面
1632,_,棒棒哒,整体,正面
1633,_,很好用的,整体,正面
1633,_,我很喜欢,整体,正面
1634,_,挺好用的,整体,正面
1635,_,好用的,整体,正面
1635,活动价,很合适,价格,正面
1635,物流,一天就到,物流,正面
1635,_,喜欢,整体,正面
1636,口红颜色,不喜欢,其他,负面
1637,_,非常喜欢,整体,正面
1637,_,很好,整体,正面
1637,性价比,高,价格,正面
1637,_,值得购买,整体,正面
1638,_,好用,整体,正面
1638,_,滑滑的,使用体验,负面
1639,物流,超快,物流,正面
1639,产品质量,信得过,整体,正面
1639,_,会一直支持关注下去,整体,正面
1640,物流,很快,物流,正面
1640,_,非常好,整体,正面
1640,_,很满意,整体,正面
1640,_,不错,整体,正面
1640,_,用完了还会买的,整体,正面
1641,_,非常喜欢,整体,正面
1642,价格,真的很便宜,价格,正面
1642,价格,很划算,价格,正面
1643,_,好用,整体,正面
1644,_,超级棒,整体,正面
1644,补水,超级棒,功效,正面
1644,_,是我想要的,整体,正面
1645,_,好用,整体,正面
1645,_,不卡粉,使用体验,正面
1645,_,自然,功效,正面
1646,物流,快,物流,正面
1646,包装,好,包装,正面
1647,颜色,很好,其他,正面
1647,_,不觉得干,使用体验,正面
1647,_,很容易划开,使用体验,正面
1648,物流,挺快的,物流,正面
1649,_,划算,价格,正面
1649,礼物,没,其他,负面
1650,_,不错,整体,正面
1650,_,挺好用的,整体,正面
1651,_,很适合我,整体,正面
1651,_,不卡粉,使用体验,正面
1652,_,非常好,整体,正面
1652,香,淡淡的,气味,正面
1652,_,很喜欢,整体,正面
1653,_,好用,整体,正面
1653,味道,特别喜欢,气味,正面
1653,小样,没有送,价格,负面
1654,性价比,很高,价格,正面
1654,_,很好用,整体,正面
1654,价格,超级优惠,价格,正面
1654,_,很满意,整体,正面
1655,_,很温和,使用体验,正面
1655,_,一点都不怕,使用体验,正面
1656,_,很好用,整体,正面
1657,_,不错,整体,正面
1657,_,很好用,整体,正面
1657,_,皮肤很亮,功效,正面
1657,_,很不错,整体,正面
1658,_,真的不错,整体,正面
1658,_,可以放心购买了,整体,正面
1659,_,便宜,价格,正面
1659,_,好用,整体,正面
1660,_,还行吧,整体,正面
1660,_,一分钱一分货,价格,中性
1661,价格,很实惠,价格,正面
1661,_,还可以,整体,正面
1662,_,不补水,功效,负面
1663,_,不错,整体,正面
1663,价格,便宜,价格,正面
1663,_,相当不错,整体,正面
1664,_,好白哦,使用体验,正面
1664,_,太假面了,使用体验,负面
1664,在线客服,不管,服务,负面
1664,客服,说要打电话给售后,服务,中性
1664,_,郁闷了,整体,负面
1665,_,很棒,整体,正面
1665,_,绝对好用,整体,正面
1666,_,很保湿,使用体验,正面
1666,味道,很好闻,气味,正面
1666,_,不错,整体,正面
1667,保湿,不错,功效,正面
1667,_,值得购买,整体,正面
1668,价格,实惠,价格,正面
1668,_,有点少,其他,负面
1669,_,很舒服,使用体验,正面
1669,_,不紧绷,使用体验,正面
1669,_,不错的,整体,正面
1669,_,放心购买,整体,正面
1670,快递,很给力,物流,正面
1670,气味,很香,气味,正面
1671,_,不错,整体,正面
1671,_,不油腻,使用体验,正面
1671,_,润润的,使用体验,正面
1672,_,还不错,整体,正面
1672,_,不卡粉,使用体验,正面
1672,遮瑕效果,也行,功效,正面
1673,_,不怎么样,整体,负面
1673,_,不怎么白,功效,负面
1673,掉妆,有点掉妆,功效,负面
1674,_,不好用,整体,负面
1674,酒精味道,特别大,气味,负面
1674,酒精味道,刺鼻,气味,负面
1675,补水效果,很好,功效,正面
1676,_,有点用,整体,正面
1677,_,不错,整体,正面
1677,_,很好,整体,正面
1677,物流,快,物流,正面
1677,_,信赖,整体,正面
1677,_,物美价廉,价格,正面
1677,服务,好,服务,正面
1678,_,真的好用,整体,正面
1678,性价比,高,价格,正面
1678,搞活动,很便宜,价格,正面
1679,盒子,挺漂亮,包装,正面
1679,粉扑,吃粉,使用体验,负面
1680,_,物美价廉,价格,正面
1680,_,真心好物,整体,正面
1680,_,推荐,整体,正面
1681,优惠活动,_,价格,正面
1681,价格,不错,价格,正面
1681,掉毛,有点,使用体验,负面
1682,发货,很快,物流,正面
1682,包装,也不错,包装,正面
1682,_,没有什么损坏,包装,正面
1682,_,买来尝试看看,其他,中性
1682,_,对干皮算友好,使用体验,正面
1682,_,很滋润,使用体验,正面
1682,成膜速度,一般,使用体验,中性
1682,泛白,_,使用体验,负面
1683,_,是比较补水的,功效,正面
1683,_,一直在用,整体,正面
1683,_,刚买完之后，**上就开始做活动了,价格,负面
1684,补水效果,很好,功效,正面
1685,_,很好用,整体,正面
1685,分量,足,尺寸,正面
1685,_,还不错了,整体,正面
1685,两小瓶,送了,其他,中性
1686,_,特别满意,整体,正面
1686,_,感谢,整体,正面
1687,粉,很细腻,使用体验,正面
1687,_,很好,使用体验,正面
1687,_,很满意,整体,正面
1688,隔离霜,这么好用的,整体,正面
1688,_,以后都是她们家的啦，不用尝试其他的啦,整体,正面
1689,_,挺好的,整体,正面
1689,包装,老,包装,中性
1689,包装,新,包装,正面
1690,_,很好用,整体,正面
1690,质量,放心,整体,正面
1691,补水,不错,功效,正面
1692,_,还不错,整体,正面
1692,_,好东西,整体,正面
1693,_,_,整体,正面
1694,味道,挺香的,气味,正面
1694,包装,不错,包装,正面
1694,_,碎到了,物流,负面
1694,_,中评,整体,中性
1695,速度,基本没的说,物流,正面
1695,东西,基本没的说,整体,正面
1695,表面,被压扁了,包装,负面
1696,BB霜,自然服帖,使用体验,正面
1696,_,搞活动买的,价格,正面
1697,物流,很快的,物流,正面
1697,_,挺好用的,整体,正面
1697,_,好评,整体,正面
1698,补水效果,可以,功效,正面
1698,价格,平价,价格,正面
1698,_,好用,整体,正面
1699,_,没的说,整体,正面
1699,_,看着和图片一样,整体,正面
1699,质量,没问题,其他,正面
1700,_,不错,整体,正面
1700,_,很自然,使用体验,正面
1701,_,一直都挺喜欢,整体,正面
1702,_,不贵,价格,正面
1702,_,好东西,整体,正面
1702,_,值得拥有,整体,正面
1703,补水,真的棒棒的,功效,正面
1704,_,很好,整体,正面
1704,_,非常补水保湿,功效,正面
1704,_,不错不错,整体,正面
1705,_,很好,整体,正面
1705,_,很光滑的,使用体验,正面
1705,价格,实惠,价格,正面
1706,_,很好,整体,正面
1707,价钱,对得起这个价钱,价格,正面
1707,_,物有所值,整体,正面
1708,快递,好棒的,物流,正面
1708,快递,大赞,物流,正面
1708,没送任何东西,有点小失望,服务,负面
1709,效果,很不错,功效,正面
1709,快递,很给力,物流,正面
1709,_,满满的一大箱,尺寸,正面
1709,_,值得购买,整体,正面
1710,_,还不错,整体,正面
1710,_,好用,整体,正面
1711,_,涂不开,使用体验,负面
1711,_,不好用,使用体验,负面
1712,包装,很好,包装,正面
1712,_,很给力,物流,正面
1712,_,跟其他面膜没什么区别,使用体验,中性
1712,_,还可以,整体,正面
1713,_,很好用,整体,正面
1713,_,很干净,使用体验,正面
1713,_,不紧绷,使用体验,正面
1714,到货,很快,物流,正面
1715,卸妆,干净,功效,正面
1715,_,温和,使用体验,正面
1715,_,不刺激,使用体验,正面
1715,_,好用,整体,正面
1716,_,自己很喜欢,整体,正面
1717,_,好用,整体,正面
1717,_,超级好用,整体,正面
1718,_,好,整体,正面
1719,快递小哥,很准时,物流,正面
1720,_,超级好用,整体,正面
1721,_,多赠送了十个,价格,正面
1721,_,一如既往地支持,整体,正面
1721,_,好评,整体,正面
1722,_,很好用,整体,正面
1722,_,不干,使用体验,正面
1722,_,很自然,使用体验,正面
1722,小礼品,谢谢,服务,正面
1723,很大一瓶,很大,尺寸,正面
1723,_,很实惠,价格,正面
1724,_,不错,整体,正面
1724,_,很满意,整体,正面
1725,颜色,很自然,功效,正面
1725,_,觉得很值,价格,正面
1726,价格,幅度大,价格,负面
1726,服务,也不咋滴,服务,负面
1726,_,谨慎购买,整体,负面
1726,_,不知怎样,整体,中性
1727,_,好用,整体,正面
1728,_,不错,整体,正面
1728,物流,快,物流,正面
1728,服务态度,很好,服务,正面
1729,泡沫,多,使用体验,正面
1729,_,很奈斯好用,整体,正面
1730,_,很不错,整体,正面
1731,_,感觉还不错,整体,正面
1732,_,非常棒,整体,正面
1732,_,是正品,真伪,正面
1732,价格,也是很奈斯了,价格,正面
1733,_,很补水,功效,正面
1733,精华,超级多的,成分,正面
1733,水,很多,成分,正面
1734,_,不错,整体,正面
1735,_,很不错,整体,正面
1736,物流,很快,物流,正面
1737,洗面奶,好迷你啊,尺寸,正面
1738,_,很好,整体,正面
1738,价格,实惠,价格,正面
1738,_,很喜欢,整体,正面
1738,物流,很快,物流,正面
1738,_,赞一个,整体,正面
1739,快递,太快了,物流,正面
1740,_,非常好,整体,正面
1740,_,非常光滑,使用体验,正面
1741,_,用着还不错,使用体验,正面
1741,补水效果,很好,功效,正面
1741,_,多次购买了,整体,正面
1741,皮肤,无刺激,功效,正面
1741,_,超赞,整体,正面
1742,物流,快,物流,正面
1742,价格,合适,价格,正面
1742,_,不错,整体,正面
1743,_,还可以,整体,正面
1743,遮暇,能够起到遮暇的作用,功效,正面
1744,_,美美哒,整体,正面
1744,_,比想象中好,整体,正面
1745,BB霜,特别好用,整体,正面
1745,隔离,不会差,整体,正面
1746,_,温和度比较好,使用体验,正面
1746,卸,比较干净,功效,正面
1746,_,挺好,整体,正面
1747,_,很好,整体,正面
1747,_,很满意,整体,正面
1748,瓶瓶,就喜欢,包装,正面
1748,_,很好用,整体,正面
1748,_,卸妆干净,功效,正面
1748,_,不紧绷,使用体验,正面
1748,_,送了小样,服务,正面
1749,_,很显白,功效,正面
1749,_,挺好,整体,正面
1750,_,还不错,整体,正面
1750,_,不紧绷,使用体验,正面
1751,粉扑,卡脸,使用体验,负面
1752,_,感觉差不多,整体,中性
1752,盒子,挺好,包装,正面
1752,收纳,方便,包装,正面
1753,_,挺好用的,整体,正面
1753,_,细腻,使用体验,正面
1753,_,一点都不干燥,使用体验,正面
1753,味道,很好闻,气味,正面
1753,_,还送了两个替换的,服务,正面
1754,_,没有~家便宜,价格,负面
1755,效果,不会让我失望,功效,负面
1755,_,挺好的,整体,正面
1756,_,不怎么样,整体,负面
1756,_,不太喜欢,整体,负面
1757,_,很好用,整体,正面
1757,_,水嫩,使用体验,正面
1758,_,很喜欢,整体,正面
1758,_,好舒服,使用体验,正面
1759,保湿,还可以,功效,正面
1759,_,好多面膜啊,整体,正面
1760,日期,太旧了,新鲜度,负面
1760,客服,不回复,服务,负面
1761,_,用的很好,使用体验,正面
1761,质量,不错,整体,正面
1761,_,很舒服,使用体验,正面
1761,_,好评,整体,正面
1762,_,大救星,整体,正面
1762,_,很细润,使用体验,正面
1763,遮红,挺好挺自然,功效,正面
1764,_,太干了,使用体验,负面
1764,_,很香,气味,正面
1765,_,还不错,整体,正面
1765,_,不油腻,使用体验,正面
1766,_,不错的,整体,正面
1766,_,很不错,整体,正面
1766,_,还可以,整体,正面
1767,_,挺好的,整体,正面
1767,日期,太靠前了,新鲜度,负面
1768,物流,给力,物流,正面
1768,_,很喜欢这牌子面膜,整体,正面
1768,_,值得信赖,整体,正面
1769,物流,贼快,物流,正面
1769,_,还好吧,整体,中性
1769,_,便宜,价格,正面
1770,_,很多,整体,正面
1770,包装,很可爱,包装,正面
1771,价格,合理,价格,正面
1771,赠品,_,价格,正面
1771,送货速度,很快,物流,正面
1772,_,很好,整体,正面
1772,_,很快,物流,正面
1773,清洁效果,不如之前买的**,功效,负面
1773,清洁能力,一般的,功效,中性
1773,_,太稀了,使用体验,负面
1774,_,物美价廉,价格,正面
1774,_,非常满意,整体,正面
1774,补水效果,很好,功效,正面
1774,面膜,很薄,使用体验,正面
1774,贴在脸上大小,刚好,使用体验,正面
1774,_,值得购买,整体,正面
1775,_,挺好使的,整体,正面
1775,泡沫,很多,使用体验,正面
1776,_,还行,整体,正面
1776,睡眠面膜,过敏了,使用体验,负面
1776,店家,感觉太不负责,服务,负面
1777,补水效果,很好,功效,正面
1777,_,适合秋季使用,使用体验,正面
1778,_,挺好的,整体,正面
1778,_,不油腻,使用体验,正面
1778,_,成膜快,使用体验,正面
1778,防晒效果,_,功效,中性
1779,_,不错,整体,正面
1779,_,很实惠,价格,正面
1779,_,比~上买的实惠多了,价格,正面
1779,包装,很完美,包装,正面
1779,_,在~买发回来的跟批发上的,真伪,中性
1780,包装,非常仔细、严实,包装,正面
1780,发货速度,非常快,物流,正面
1781,_,很好,整体,正面
1782,_,买了超多,整体,正面
1782,_,特别喜欢,整体,正面
1783,_,很舒服,使用体验,正面
1783,布,很柔滑,使用体验,正面
1783,布,不硬,使用体验,正面
1783,_,没有刺痛的感觉,使用体验,正面
1783,_,很好,整体,正面
1784,送货速度,很快,物流,正面
1784,货品,有点小贵,价格,负面
1785,_,不错,整体,正面
1785,_,很喜欢,整体,正面
1786,_,很好用,使用体验,正面
1786,遮暇,_,功效,正面
1786,_,棒棒的,整体,正面
1786,优惠活动,_,价格,正面
1786,_,很划算,价格,正面
1786,发货和送货速度,很快,物流,正面
1787,快递员,很好,服务,正面
1787,速度,很快,物流,正面
1788,_,挺好用的,整体,正面
1788,很补水,很补水,功效,正面
1788,精华液很多,精华液很多,成分,正面
1789,_,不错,整体,正面
1789,质量,好,整体,正面
1789,物流,快,物流,正面
1789,_,值得购买,整体,正面
1790,_,超级喜欢,整体,正面
1790,_,用起来特别舒服,使用体验,正面
1790,_,没有过敏现象,使用体验,正面
1790,_,也不刺激皮肤,使用体验,正面
1790,_,喜欢,整体,正面
1790,_,很好,整体,正面
1791,包装,可以,包装,正面
1792,_,还是比较水润的,使用体验,正面
1792,_,调整肤色的感觉也比较自然,功效,正面
1793,_,蛮喜欢的,整体,正面
1794,物流,很快,物流,正面
1795,_,便宜,价格,正面
1796,_,好痒,使用体验,负面
1796,_,感觉过敏,使用体验,负面
1797,_,晚上就收到了,物流,正面
1797,_,很好,整体,正面
1797,_,是正品,真伪,正面
1798,_,信赖,整体,正面
1798,补水,_,功效,正面
1798,美白,_,功效,正面
1798,保湿,_,功效,正面
1798,服务态度,好,服务,正面
1798,快递小哥,很快,物流,正面
1799,_,挺好用的,整体,正面
1800,质量,非常不错,其他,正面
1800,_,一直用这个,整体,正面
1801,赠送的,有,价格,正面
1801,_,特价,价格,正面
1801,_,水水嫩嫩的,功效,正面
1802,_,太赞了吧,整体,正面
1802,_,面膜两套才花了70多,价格,正面
1802,_,猴赛雷,整体,正面
1803,_,很好用的,整体,正面
1803,_,挺薄的,使用体验,正面
1803,_,很水润,使用体验,正面
1804,质量,不错,整体,正面
1804,赠品,有,价格,正面
1805,_,一小瓶,尺寸,负面
1805,_,只有一点点,尺寸,负面
1806,_,不错,整体,正面
1806,_,是正品,真伪,正面
1806,物流,快,物流,正面
1807,_,挺好用的,整体,正面
1807,水口,太大了,尺寸,负面
1808,包装箱抗震,做的挺好,包装,正面
1808,_,期待是正品,真伪,正面
1808,_,期待好用,使用体验,正面
1809,_,一日既往的好,整体,正面
1809,_,不错不错,整体,正面
1810,_,是正品,真伪,正面
1810,_,跟我在专柜买的一样,真伪,正面
1810,_,用完还买,整体,正面
1811,_,很好用,整体,正面
1811,_,滋润,使用体验,正面
1811,_,不油腻,使用体验,正面
1811,_,不紧绷,使用体验,正面
1811,_,喜欢,整体,正面
1812,_,挺好用的,整体,正面
1812,_,我我喜欢,整体,正面
1812,_,很自然,使用体验,正面
1813,效果,不错,功效,正面
1813,脸,湿湿的,使用体验,正面
1814,_,很好用,整体,正面
1814,特价,_,价格,正面
1814,_,信它,整体,正面
1815,_,很喜欢,整体,正面
1815,_,好评,整体,正面
1816,_,非常不错,整体,正面
1816,香味,淡淡的,气味,正面
1816,_,很自然,使用体验,正面
1817,_,特别实惠,价格,正面
1817,_,比较水润,使用体验,正面
1817,_,喜欢,整体,正面
1818,_,挺好用的哦,整体,正面
1818,隔离效果,超级棒哦,功效,正面
1818,_,比较完美,整体,正面
1818,_,还会回购,整体,正面
1819,_,不错,整体,正面
1819,颜色,很正,功效,正面
1819,_,已经是第二次购买了，还会再买的,整体,正面
1820,_,不错,整体,正面
1820,发货,快,物流,正面
1820,东西,好,整体,正面
1821,_,贴肤好用,使用体验,正面
1821,_,买一送一划算,价格,正面
1822,客服态度,很好,服务,正面
1822,_,还是不错的,整体,正面
1822,_,满意,整体,正面
1823,_,一点效果都没有,功效,负面
1824,量,太少了,尺寸,负面
1824,_,用的还可以,整体,正面
1825,塑料袋,太简陋了,包装,负面
1825,包装,太简陋了,包装,负面
1826,_,太差了,整体,负面
1826,_,眼睛都疼的要命,使用体验,负面
1827,_,特别好用,整体,正面
1827,_,冬天夏天用都可以,使用体验,正面
1827,发货,特别快,物流,正面
1827,_,第二天就到了,物流,正面
1827,礼物,好多,价格,正面
1827,_,值得购买,整体,正面
1828,卸妆,挺干净的,功效,中性
1829,_,还不错,整体,正面
1830,_,非常好用,整体,正面
1831,_,不错,整体,正面
1831,_,赞一个,整体,正面
1832,_,不怎么好用,整体,负面
1833,_,女神节活动买的,整体,正面
1834,_,还不错,整体,正面
1835,_,挺好用,整体,正面
1835,_,很柔和,使用体验,正面
1835,_,不紧绷,使用体验,正面
1836,补水效果,不错,功效,正面
1836,_,多次购买的,整体,正面
1837,_,不错不错,整体,正面
1837,_,物美价廉,价格,正面
1837,_,值得购买,整体,正面
1838,_,忽悠人,整体,负面
1839,商家,很贴心,服务,正面
1839,小礼品,很多,服务,正面
1839,_,真的不错,整体,正面
1839,_,值得信赖,整体,正面
1840,_,挺好的,整体,正面
1840,面部保湿,很好,功效,正面
1840,_,不干,功效,正面
1840,皮肤,很润,功效,正面
1841,_,很好,整体,正面
1841,_,很保湿,功效,正面
1842,_,还不错,整体,正面
1843,_,很合适,价格,正面
1843,_,够一年的了,使用体验,正面
1844,速度,很快,物流,正面
1844,面膜,看上去蛮好的,整体,正面
1845,精华,挺多的,成分,正面
1845,_,还不错,整体,正面
1846,_,不错,整体,正面
1846,_,像用了美颜滤镜一样,功效,正面
1847,_,挺好用的,整体,正面
1848,卸妆效果,差,功效,负面
1848,_,不能好评,整体,负面
1849,_,不好,整体,负面
1850,_,不错,整体,正面
1851,_,挺好用的,整体,正面
1851,_,正品,真伪,正面
1852,物流,速度很快,物流,正面
1852,优惠,能够更大一些,价格,负面
1853,肤色,_,物流,负面
1853,替换装,_,包装,正面
1853,_,不错不错,整体,正面
1854,粉质,比较淡,使用体验,正面
1855,_,挺清爽的,使用体验,正面
1855,_,不油腻,使用体验,正面
1856,活动,好划算,价格,正面
1857,美白效果,还是有的,功效,正面
1858,上色,不够好,功效,负面
1859,_,应该不错,整体,正面
1860,_,是正品,真伪,正面
1860,_,很好用的,整体,正面
1861,_,不错,整体,正面
1861,_,很好用,使用体验,正面
1861,快递小哥,这么给力,物流,正面
1862,卸妆,很干净,功效,正面
1862,卸妆,温和,功效,正面
1862,_,不刺激,使用体验,正面
1862,脸,滑滑的,使用体验,正面
1862,_,舒服,使用体验,正面
1863,物流,很快,物流,正面
1863,_,蛮期待的,整体,正面
1864,物流,超快,物流,正面
1864,_,很好,整体,正面
1865,_,还不错,整体,正面
1866,_,满意,整体,正面
1866,_,用着也挺清爽的,使用体验,正面
1866,_,清洁也可以,功效,正面
1866,_,用过感觉脸就好白了,功效,正面
1867,赠品,挺好的,整体,正面
1868,_,很不错,整体,正面
1868,增白效果,_,功效,正面
1869,_,不错,整体,正面
1869,_,挺好用的,整体,正面
1869,_,干净,功效,正面
1869,_,不紧绷,使用体验,正面
1870,购买方便,方便,服务,正面
1870,价格优惠,优惠,价格,正面
1870,送货快,快,物流,正面
1870,_,很好,整体,正面
1870,_,一直信赖,整体,正面
1870,_,炒鸡很满意,整体,正面
1871,_,很适合,整体,正面
1871,_,有点油,使用体验,负面
1872,_,不知道效果怎么样,整体,中性
1873,遮瑕,不是很好,功效,负面
1874,_,好用,整体,正面
1875,_,非常满意,整体,正面
1876,活动,很划算,价格,正面
1877,脱妆,太严重了吧,功效,负面
1878,_,很好用,整体,正面
1878,_,嫩嫩的,使用体验,正面
1879,_,很好,整体,正面
1879,_,很快,物流,正面
1880,_,信赖**！,整体,正面
1880,_,信赖***！,整体,正面
1880,粉质,细腻服帖,使用体验,正面
1880,_,会推荐给朋友,整体,正面
1881,_,水水的,使用体验,正面
1881,_,滑滑的,使用体验,正面
1881,补水效果,应该是可以的,功效,正面
1882,_,挺好用的,整体,正面
1883,_,很实惠,价格,正面
1883,_,很满意,整体,正面
1883,速度,超快,物流,正面
1884,_,不错,整体,正面
1885,_,很喜欢,整体,正面
1885,_,赞一下,整体,正面
1886,_,很自然,功效,正面
1886,_,很细腻,使用体验,正面
1886,_,不干,使用体验,正面
1886,_,不过敏,功效,正面
1886,_,真的不错,整体,正面
1887,_,特别好用,整体,正面
1887,_,冬天夏天用都可以,使用体验,正面
1887,发货,特别快,物流,正面
1887,_,第二天就到了,物流,正面
1887,礼物,好多,价格,正面
1887,_,值得购买,整体,正面
1888,_,不错,整体,正面
1889,_,喜欢,整体,正面
1889,小罗的代言,相信,真伪,正面
1889,4大盒,够用一阵子了,价格,正面
1890,_,还不错,整体,正面
1891,活动价格,还不错,价格,正面
1891,_,够用很久了,尺寸,正面
1892,_,还不错,整体,正面
1893,_,好用,整体,正面
1894,_,清爽,使用体验,正面
1894,_,不油腻,使用体验,正面
1894,吸收,很快,使用体验,正面
1894,滴管的设计,方便取用,使用体验,正面
1894,美白的效果,暂时没有看到,功效,负面
1894,小样的包装,很好看,包装,正面
1895,_,非常好,整体,正面
1895,补水,非常棒,功效,正面
1895,皮肤,变得好多了,功效,正面
1896,_,很好,整体,正面
1897,_,不紧绷,使用体验,正面
1898,服务态度,一点也不好,服务,负面
1898,_,不理你了,服务,负面
1898,_,不要买,整体,负面
1898,_,过敏,使用体验,负面
1899,物流,好给力,物流,正面
1899,_,好喜欢,整体,正面
1900,_,不错,整体,正面
1901,_,还可以,整体,正面
1901,_,实惠,价格,正面
1902,面膜,挺不错的,使用体验,正面
1903,速度,简直太快了,物流,正面
1903,东西,不错,整体,正面
1903,味道,挺好闻的,气味,正面
1904,_,还可以的,整体,正面
1905,泡沫,细腻柔软,使用体验,正面
1905,_,用着舒服,使用体验,正面
1905,包装,很好,包装,正面
1906,_,喜欢,整体,正面
1906,_,妆感非常好,使用体验,正面
1907,_,好用,整体,正面
1907,_,不紧绷,使用体验,正面
1908,_,比较放心,整体,正面
1908,活动,更划算,价格,正面
1909,_,比较滋润,整体,正面
1910,_,不错,整体,正面
1910,颜色,比较自然,功效,正面
1910,_,买了马上又降价了,价格,负面
1911,补水效果,好,功效,正面
1911,_,不油腻,使用体验,正面
1911,_,好评,整体,正面
1912,_,挺好的,整体,正面
1913,包装,没有损坏,包装,正面
1913,箱子口,隔开了,包装,负面
1913,_,没有少,物流,正面
1914,_,非常不错,整体,正面
1914,_,很润,使用体验,正面
1914,颜色,不是特别的白,使用体验,正面
1914,颜色,很自然,使用体验,正面
1915,效果,不错,功效,正面
1915,味道,淡淡的,气味,正面
1915,_,挺好闻,气味,正面
1916,_,不错,整体,正面
1916,_,很喜欢,整体,正面
1917,_,非常容易上装,使用体验,正面
1917,_,不错,整体,正面
1918,送货速度,很快,物流,正面
1919,_,一点都不好用,整体,负面
1919,_,一点感觉都没有,使用体验,负面
1919,十几块的,一点感觉都没有,价格,负面
1920,_,很服帖,使用体验,正面
1920,精华,清爽不粘,使用体验,正面
1920,_,是我喜欢的类型,整体,正面
1921,_,不错,整体,正面
1921,很大的一瓶,_,尺寸,正面
1921,赠品,_,价格,正面
1921,_,物美价廉,整体,正面
1922,_,不错,整体,正面
1922,_,值得拥有哦,整体,正面
1923,_,很满意,整体,正面
1924,保装盒,没有,包装,负面
1925,_,挺水润的,使用体验,正面
1925,_,够用一段时间了,尺寸,正面
1926,_,好用,整体,正面
1926,_,不过敏,使用体验,正面
1927,价格,非常实惠,价格,正面
1927,_,很舒服,使用体验,正面
1927,_,非常喜欢,整体,正面
1928,_,还可以的吧,整体,正面
1929,价格,非常实惠,价格,正面
1929,服务,非常热情,服务,正面
1929,_,很好,整体,正面
1930,_,一点都不好用,整体,负面
1931,_,清爽,使用体验,正面
1931,_,不油腻,使用体验,正面
1931,_,很喜欢用,整体,正面
1932,_,一直用,整体,正面
1932,_,用习惯了,整体,正面
1932,_,挺好的,整体,正面
1933,_,物美价廉,价格,正面
1933,_,货真价实,真伪,正面
1933,_,值得购买,整体,正面
1933,_,五星好评,整体,正面
1933,_,强烈推荐,整体,正面
1934,_,还可以吧,整体,中性
1934,补水,还行,功效,正面
1935,_,超级划算,价格,正面
1935,乳,用起来脸部感觉很舒服,使用体验,正面
1935,_,值得信赖的产品,整体,正面
1935,_,赞赞,整体,正面
1936,_,一般,整体,中性
1936,精华,太少,成分,负面
1937,_,还不错,整体,正面
1937,_,还行,整体,正面
1937,_,可以用,整体,正面
1938,_,不不错,整体,正面
1939,_,很不错,整体,正面
1940,_,超棒的,整体,正面
1940,_,非常合适的,整体,正面
1940,_,温和,使用体验,正面
1940,_,不绷紧,使用体验,正面
1940,_,很喜欢,整体,正面
1941,深海鱼润面贴膜,不错,整体,正面
1941,深海水养面贴膜,不错,整体,正面
1942,_,非常合算,价格,正面
1942,皮肤,润润的,功效,正面
1942,剩余的精华液,一点不浪费,成分,正面
1943,_,非常棒,整体,正面
1944,_,非常好,整体,正面
1944,_,必须好评,整体,正面
1944,_,好好好好好好,整体,正面
1944,_,好评,整体,正面
1945,包装,完好,包装,正面
1945,_,应该是正品,真伪,正面
1946,_,非常好用,整体,正面
1946,_,柔和,使用体验,正面
1946,_,细腻,使用体验,正面
1946,_,美好,整体,正面
1946,_,喜欢,整体,正面
1946,_,下次再来回购,整体,正面
1947,_,红肿！,使用体验,负面
1948,_,很划算,价格,正面
1948,_,很舒服,使用体验,正面
1949,_,一般般,整体,中性
1949,_,很干,使用体验,负面
1949,_,抹不开,使用体验,负面
1949,_,不服帖的感觉,使用体验,负面
1950,_,不错,整体,正面
1950,包装,精美,包装,正面
1950,日期,新鲜,新鲜度,正面
1951,_,用着还行,整体,正面
1951,_,很水嫩,使用体验,正面
1951,保湿效果,不错,功效,正面
1952,泡沫,细腻丰富,使用体验,正面
1952,_,会有轻微紧绷感,使用体验,负面
1952,_,不会回购了,整体,负面
1953,_,还不错,整体,正面
1953,价格,实惠,价格,正面
1954,赠品,不如前几次送得多,价格,负面
1955,_,挺水润的,使用体验,正面
1955,_,很喜欢,整体,正面
1956,_,很好用,整体,正面
1956,_,不过敏,功效,正面
1957,_,是正品,真伪,正面
1957,_,很好,整体,正面
1957,_,不过敏,使用体验,正面
1958,香味,淡淡的,气味,正面
1958,_,蛮好,整体,正面
1958,_,不油腻,使用体验,正面
1958,_,有点增白效果,功效,正面
1959,保湿效果,不错,功效,正面
1959,卖家服务态度,很好,服务,正面
1959,发货速度,快,物流,正面
1959,_,很满意,整体,正面
1960,_,非常好用,整体,正面
1960,_,滋润,功效,正面
1960,_,保湿,功效,正面
1960,_,不过敏,使用体验,正面
1961,物流,一般吧,物流,中性
1961,快递盒,被揉烂了,包装,负面
1961,包装盒,被挤坏了,包装,负面
1962,快递,挺快的,物流,正面
1962,包装,很好,包装,正面
1962,快递员服务,也好,服务,正面
1962,遮瑕效果,不很好,功效,负面
1963,_,好评,整体,正面
1963,大品牌,值得信赖,整体,正面
1964,_,不错,整体,正面
1964,赠品,好用,使用体验,正面
1964,_,很实惠,价格,正面
1964,_,推荐,整体,正面
1965,_,还不错,整体,正面
1966,快递,是真快,物流,正面
1966,包装,有点简陋,包装,负面
1966,_,就用个袋子,包装,负面
1966,放面膜的盒子,有稍许破损,包装,负面
1967,_,非常满意,整体,正面
1968,_,比较方便,整体,正面
1969,_,不太好用,整体,负面
1969,_,太干,使用体验,负面
1969,_,还不给退,服务,负面
1970,小样,用着挺好的,使用体验,正面
1970,_,自然不显假,功效,正面
1971,优惠力度,很高,价格,正面
1971,面膜,很好用,使用体验,正面
1971,_,推荐,整体,正面
1972,物流,好快,物流,正面
1972,效果,期待,功效,正面
1973,_,蛮清爽的,使用体验,正面
1973,_,推荐,整体,正面
1974,_,很刺眼,使用体验,负面
1974,_,买了一堆垃圾,整体,负面
1975,效果,很明显,功效,正面
1975,_,很自然,使用体验,正面
1975,_,不会起皮,使用体验,正面
1975,味道,很不错,气味,正面
1975,_,很清新,气味,正面
1975,_,很不错,整体,正面
1976,这款,好用,整体,正面
1977,_,不错呢,整体,正面
1978,_,挺大一罐,尺寸,正面
1978,味道,还行,气味,正面
1978,_,有点点白,功效,中性
1978,_,适合日常使用,使用体验,正面
1979,发货速度,很快,物流,正面
1980,活动,_,价格,中性
1980,_,很实惠,价格,正面
1980,_,不错,使用体验,正面
1980,赠品,_,价格,正面
1981,_,很满意,整体,正面
1981,味道,不大喜欢,气味,负面
1981,_,很舒服,使用体验,正面
1981,_,很不错,整体,正面
1982,_,挺好用的,使用体验,正面
1982,_,比较服帖自然,功效,正面
1982,送过速度,很快,物流,正面
1983,_,还可以,整体,中性
1983,价格,优惠,价格,正面
1983,_,好评,整体,正面
1984,_,应该是正品,真伪,正面
1985,_,超划算,价格,正面
1985,补水,_,功效,正面
1985,_,考虑回购,整体,正面
1986,_,用起来挺好的,使用体验,正面
1986,遮瑕效果,不错,功效,正面
1986,肤色,提亮了好多,功效,正面
1986,赠品,也多,其他,正面
1986,_,值得推荐,整体,正面
1987,_,挺好用的,整体,正面
1987,隔离霜,还不错,整体,正面
1987,涂得,很均匀,使用体验,正面
1987,小清香,_,气味,正面
1988,_,真的很滑,使用体验,正面
1989,_,挺好的,整体,正面
1990,_,非常好用,整体,正面
1990,价格,不贵,价格,正面
1991,_,很好用,整体,正面
1991,_,很适合我的皮肤,使用体验,正面
1991,_,更便宜些,价格,负面
1992,_,好用,整体,正面
1993,_,提亮,功效,正面
1993,_,不脱妆,使用体验,正面
1993,_,性价比高,价格,正面
1993,_,还会回购,整体,正面
1994,_,很适合,整体,正面
1995,_,不持久,功效,负面
1995,味道,还行,气味,正面
1996,_,很滋润,使用体验,正面
1996,_,不干,使用体验,正面
1996,_,遮瑕,功效,正面
1997,_,真买对了,整体,正面
1997,_,特别喜欢,整体,正面
1997,_,贴在脸上,使用体验,正面
1997,_,凉凉的特别舒服,使用体验,正面
1997,_,不刺激皮肤,成分,正面
1997,_,我会信赖到老了,整体,正面
1998,_,是正品,真伪,正面
1998,味道,淡淡的香味,气味,正面
1998,_,很棒,整体,正面
1998,_,送了很多小礼品,其他,正面
1999,_,信赖,整体,正面
1999,_,好,整体,正面
1999,_,值得推荐,整体,正面
2000,_,好实惠啊,价格,正面
2000,_,非常好用,整体,正面
2001,物流,还行,物流,正面
2001,用起来,不太好,使用体验,负面
2002,_,挺不错的,整体,正面
2003,_,非常好看,整体,正面
2003,_,不墙白,整体,正面
2003,_,颜色自然,整体,正面
2003,_,外壳好看,整体,正面
2003,_,峰峰代言的,整体,正面
2003,_,赞,整体,正面
2004,_,好,整体,正面
2005,_,挺好的,整体,正面
2006,_,挺柔和的,使用体验,正面
2006,_,不刺激,使用体验,正面
2006,_,不怎么建议油性皮肤的小伙伴用噢,整体,负面
2007,_,挺好用的,整体,正面
2007,保湿效果,很好,功效,正面
2007,_,最好用,整体,正面
2008,_,就那样,整体,中性
2008,_,凉凉的,使用体验,正面
2009,_,没有说的这么好啊,整体,负面
2009,_,一般般吧,整体,中性
2010,_,非常好用,整体,正面
2011,补水效果,不错,功效,正面
2012,_,很温和,整体,正面
2012,按压式出水,好方便,使用体验,正面
2012,_,很贴心,服务,正面
2012,_,还会购买,整体,正面
2013,_,看着不错,整体,正面
2014,_,挺好的,整体,正面
2015,锁水,很,功效,正面
2015,_,用完不会腻,使用体验,正面
2016,_,蛮干净,功效,正面
2016,按压式,又不会浪费,使用体验,正面
2016,_,值得推荐,整体,正面
2017,隔离效果,好,功效,正面
2017,滋润,并美白,功效,正面
2017,滋润,_,功效,正面
2017,美白,_,功效,正面
2017,_,再次使用了,整体,正面
2018,补水保湿,可以,功效,正面
2018,_,五星好评,整体,正面
2019,客服态度,不好,服务,负面
2019,责任心,没有,服务,负面
2020,_,不错,整体,正面
2021,_,用了不过敏,使用体验,正面
2021,味道,太浓了,气味,负面
2021,泡沫,刺眼睛,使用体验,负面
2022,控油,没觉得控油特别好,功效,负面
2022,整体使用感,还不错吧,使用体验,正面
2022,_,没有搓泥,使用体验,正面
2023,_,很好,整体,正面
2024,_,物美价廉,价格,正面
2024,发货,很快,物流,正面
2024,图片,相符,真伪,正面
2024,_,值得购买,整体,正面
2024,_,五星好评,整体,正面
2025,_,挺好看用的,使用体验,正面
2025,_,一直在用他家的,整体,正面
2026,_,很不错,整体,正面
2027,妆感,有点厚,使用体验,负面
2028,洁面,一般般吧,使用体验,中性
2029,_,感觉还可以,使用体验,正面
2029,_,比较轻薄,使用体验,正面
2030,_,喜欢,整体,正面
2031,_,特别补水,功效,正面
2032,_,最适合不过了,功效,正面
2032,_,细腻,使用体验,正面
2032,_,自然,功效,正面
2032,赠品,很多,服务,正面
2032,_,太好了,整体,正面
2033,_,挺好用的,整体,正面
2034,卸妆水,很温和,成分,正面
2034,_,还不错,整体,正面
2034,_,挺舒服的,使用体验,正面
2034,_,很划算,价格,正面
2034,_,超级实惠,价格,正面
2034,爽肤水,很好用,整体,正面
2034,_,推荐,整体,正面
2035,_,非常好用,整体,正面
2035,搞活动,超级划算,价格,正面
2036,_,垃圾,整体,负面
2036,_,差评,整体,负面
2036,_,建议不要买,整体,负面
2037,送货,特别快,物流,正面
2037,送货,到家,物流,正面
2037,快递员,非常感谢,服务,正面
2037,_,特别好用,整体,正面
2037,价格,太划算了,价格,正面
2038,_,很不错,整体,正面
2038,_,实惠,价格,正面
2039,_,不错,整体,正面
2039,_,好用,整体,正面
2040,_,很不错,整体,正面
2040,味道,也好,气味,正面
2041,肤色,均匀,功效,正面
2041,淡斑效果,还未发现,功效,负面
2041,质地,很轻薄,使用体验,正面
2042,_,是正品,真伪,正面
2042,_,满意,整体,正面
2043,物流,很快,物流,正面
2043,_,挺不错,整体,正面
2044,_,很给力,物流,正面
2044,_,先用用看,使用体验,中性
2044,_,希望再次光临,整体,正面
2045,_,不怎么样,整体,负面
2045,价钱,挺好的,价格,正面
2046,臭味,_,气味,负面
2047,_,还不错,整体,正面
2048,_,是真的快,物流,正面
2048,面膜,是真的好用到爆,整体,正面
2048,精华,特别多,成分,正面
2049,_,很喜欢,整体,正面
2049,香味,淡淡的,气味,正面
2049,_,不腻,使用体验,正面
2050,_,还行,整体,正面
2050,大小,适合,尺寸,正面
2050,包装,还可以,包装,正面
2051,_,很自然,功效,正面
2051,_,白的好假,功效,负面
2051,_,自然的美,功效,正面
2051,_,不错,整体,正面
2052,_,好用,整体,正面
2052,_,很服帖,使用体验,正面
2053,_,没有任何气味,气味,正面
2053,质地,清爽,使用体验,正面
2053,_,不知是否正品,真伪,中性
2054,_,发干,使用体验,负面
2054,_,起皮严重,使用体验,负面
2055,_,挺好的,整体,正面
2055,_,不错,整体,正面
2055,上妆,很合适,功效,正面
2055,气味,娃娃香,气味,正面
2056,618的优惠力度,没有之前买一送一时大,价格,负面
2056,防晒霜,没有搓泥,使用体验,正面
2057,_,一样好用,整体,正面
2057,_,便宜太多了,价格,正面
2057,_,太划算了,价格,正面
2058,价格,实惠,价格,正面
2058,送货,快,物流,正面
2058,_,赞一个,整体,正面
2059,质量,不错,整体,正面
2059,_,非常喜欢,整体,正面
2059,_,到位,服务,正面
2060,_,很清爽,使用体验,正面
2060,_,好,整体,正面
2061,味道,淡淡的清香,气味,正面
2061,赠品,很多,价格,正面
2061,_,很满意,整体,正面
2062,_,味道难闻,气味,负面
2062,_,不会起泡泡,使用体验,负面
2063,_,挺好的,整体,正面
2064,_,实在不敢苟同,整体,负面
2064,_,脸上都过敏了,使用体验,负面
2064,_,没有广告宣传的那么好,整体,负面
2065,物流,相当快,物流,正面
2065,包装,精致,包装,正面
2065,_,一如既往的好,整体,正面
2066,_,好用,整体,正面
2066,_,特别湿润舒服还有弹力,使用体验,正面
2066,补水效果,没得说,功效,正面
2066,做工,细致,其他,正面
2066,_,补水神器,功效,正面
2067,_,很好,整体,正面
2067,上妆效果,比较自然,功效,正面
2068,_,量很少,其他,负面
2068,_,和想象的不一样,整体,负面
2068,味道,还勉强可以吧,气味,中性
2068,_,不像是正品,真伪,负面
2069,_,香中带着难闻的气味,气味,负面
2069,_,不好用,整体,负面
2069,_,贴了两分钟就拿掉了,功效,负面
2069,_,没人鱼的好用,整体,负面
2070,_,好用,整体,正面
2071,_,过敏,使用体验,负面
2071,_,很严重,使用体验,负面
2071,_,红疹,使用体验,负面
2072,物流,超快,物流,正面
2072,_,是正品,真伪,正面
2073,_,绝对的正品,真伪,正面
2073,补水效果,很好,功效,正面
2073,_,又刺激的,使用体验,负面
2073,_,最爱,整体,正面
2074,_,质感特别薄,使用体验,正面
2074,_,很服帖,使用体验,正面
2074,容量,多,尺寸,正面
2074,香味,有点重,气味,负面
2074,_,习惯了就好了,整体,正面
2074,_,下次还会继续光顾的,整体,正面
2075,包装,太差,包装,负面
2076,遮瑕效果,有点,功效,正面
2076,_,很服帖,使用体验,正面
2076,_,挺遮毛孔的,功效,正面
2076,持妆效果,不错,功效,正面
2077,_,感觉不错,整体,正面
2077,_,阿姨很喜欢,整体,正面
2078,_,还可以吧,整体,正面
2078,质量,保证,整体,正面
2078,价格,合理,价格,正面
2079,_,不错的,整体,正面
2079,质量,还可以,其他,正面
2079,_,不错不错,整体,正面
2080,保湿,很好,功效,正面
2080,遮暇效果,不错,功效,正面
2080,_,我非常喜欢,整体,正面
2080,快递,很快,物流,正面
2080,_,满意,整体,正面
2080,_,给五个星好评,整体,正面
2081,_,挺好的,整体,正面
2081,_,很划算,价格,正面
2081,40片,够用上一阵子了,尺寸,正面
2082,_,很服帖,使用体验,正面
2082,淡紫色,很好看,整体,正面
2082,味道,香香的,气味,正面
2082,_,很不错,整体,正面
2083,_,很水润,使用体验,正面
2083,_,很服帖,使用体验,正面
2083,_,很划算,价格,正面
2084,_,还可以,整体,正面
2084,_,很好吸收,使用体验,正面
2084,乳的这个盖子,很蠢,包装,负面
2084,乳的这个盖子,不好看,包装,负面
2085,_,蛮好的,整体,正面
2086,小样,好多,服务,正面
2086,_,真有心,服务,正面
2086,质量,始终如一,整体,正面
2086,_,好评,整体,正面
2087,送的东西,不少,价格,正面
2087,客服小茜,服务很好,服务,正面
2088,_,蛮好的,整体,正面
2089,_,还不错,整体,正面
2089,_,没有过敏,功效,正面
2090,_,很不错,整体,正面
2090,_,不会太干,使用体验,正面
2090,价格,适中,价格,正面
2090,_,很喜欢这个粉粉的,整体,正面
2090,_,能用一段时间了,使用体验,正面
2091,_,很方便,整体,正面
2091,价格,实惠,价格,正面
2092,_,没有泡叶藻和墨角藻的面膜好用,整体,负面
2092,_,一般般了,整体,中性
2093,_,是正品,真伪,正面
2093,_,挺滋润,使用体验,正面
2093,_,特别方便,使用体验,正面
2093,_,挺好的,整体,正面
2093,_,非常快,物流,正面
2094,_,很好用,整体,正面
2094,_,下次还会在来得,整体,正面
2095,_,是正品,真伪,正面
2095,_,很好用,整体,正面
2096,_,好用,整体,正面
2096,_,非常喜欢,整体,正面
2096,_,可以购买,整体,正面
2097,_,挺好的,整体,正面
2097,化妆盒,_,其他,中性
2098,_,很补水,功效,正面
2098,_,超喜欢,整体,正面
2098,包装,很漂亮,包装,正面
2099,_,一如既往的喜欢,整体,正面
2100,物流,很快,物流,正面
2100,_,很满意,整体,正面
2101,_,很不错,整体,正面
2101,_,容易抹开,使用体验,正面
2101,_,很喜欢,整体,正面
2102,_,不稀可以当霜来用,使用体验,正面
2102,_,很划算,价格,正面
2103,气味,一股刺鼻的,气味,负面
2103,_,不是正品,真伪,负面
2104,包装,精美,包装,正面
2104,_,物美价廉,价格,正面
2104,_,非常值得拥有,整体,正面
2105,_,很喜欢,整体,正面
2105,上妆,特别服帖,功效,正面
2105,物流,很快,物流,正面
2105,价格,实惠,价格,正面
2106,_,很棒,整体,正面
2107,_,很好用,整体,正面
2107,快递,很快,物流,正面
2107,_,是正品哦,真伪,正面
2108,_,还不错,整体,正面
2108,_,挺自然,使用体验,正面
2108,遮瑕,不太好,功效,负面
2108,_,不是专门遮瑕的,功效,中性
2109,活动价,划算,价格,正面
2109,品牌,大,整体,正面
2109,****,相信,真伪,正面
2109,售后,好,服务,正面
2109,品牌质量,很好,整体,正面
2110,_,不咋滴,整体,负面
2111,_,不错,整体,正面
2111,盖子设计,太狗血,包装,负面
2111,_,好难盖,使用体验,负面
2112,质量,非常好,整体,正面
2112,快递速度,很快,物流,正面
2113,价格,比较便宜,价格,正面
2114,_,脸过敏,使用体验,负面
2114,_,太干了,使用体验,负面
2114,补水,期待的那么,功效,中性
2115,_,性价比高,价格,正面
2115,_,很不错,整体,正面
2116,_,一直用,整体,正面
2116,_,挺好的,整体,正面
2117,_,挺好的,整体,正面
2118,_,没什么效果,功效,负面
2118,脸颊,有点刺痛,使用体验,负面
2119,包装,不好,包装,负面
2120,_,很好用,整体,正面
2120,_,很划算,价格,正面
2120,_,太满意了,整体,正面
2121,补水效果,真的很不错,功效,正面
2122,_,好,整体,正面
2122,_,洗得干净,使用体验,正面
2122,泡沫,丰富,使用体验,正面
2122,_,不是特紧绷,使用体验,正面
2122,_,物流快,物流,正面
2122,_,5分好评,整体,正面
2123,_,超级好用,整体,正面
2123,_,非常保湿,功效,正面
2123,_,真的特别好,整体,正面
2123,_,大爱,整体,正面
2124,_,还可以哦,整体,正面
2124,_,挺好的,整体,正面
2124,味道,淡淡的,气味,正面
2125,_,好用,整体,正面
2125,_,不紧绷,使用体验,正面
2125,_,很舒服,使用体验,正面
2126,_,不错,整体,正面
2126,_,用的很好,使用体验,正面
2127,_,是正品,真伪,正面
2127,补水效果,很好,功效,正面
2127,_,一直都用这个牌子,整体,正面
2128,赠品,没有,其他,负面
2129,_,好用,整体,正面
2130,_,总体感觉不错,整体,正面
2130,卸妆,不会去痘痘也不会过敏,使用体验,正面
2130,_,比较适合我这体质,使用体验,正面
2130,价格,不贵,价格,正面
2131,_,无限回购,整体,正面
2131,清洁度,中等,功效,中性
2131,_,很柔和,使用体验,正面
2131,_,舒服,使用体验,正面
2131,_,很OK,整体,正面
2132,质量,非常好,整体,正面
2133,_,很好,整体,正面
2133,_,很补水,功效,正面
2134,_,确实不错,整体,正面
2134,_,很服帖,使用体验,正面
2134,精华,很多,成分,正面
2134,补水效果,不错,功效,正面
2135,服务态度,很好,服务,正面
2135,气垫,很好用,使用体验,正面
2136,包装,完好,包装,正面
2136,_,应该很好用吧,使用体验,正面
2137,活动,特别划算,价格,正面
2137,补水效果,不错,功效,正面
2138,_,很棒,整体,正面
2138,物流,很快,物流,正面
2138,_,棒哒,整体,正面
2139,_,很喜欢,整体,正面
2139,_,提肤色,功效,正面
2139,_,很自然,使用体验,正面
2139,香味,优然,气味,正面
2139,物流,超快,物流,正面
2139,_,给好评,整体,正面
2140,_,喜欢得不得了,整体,正面
2141,_,还是比较信赖的,整体,正面
2142,物流,很快,物流,正面
2142,_,不错,整体,正面
2143,_,还不错,整体,正面
2143,_,有点干,使用体验,负面
2144,_,温和型的,使用体验,正面
2144,_,很好用,整体,正面
2145,补水效果,非常好,功效,正面
2146,物流,很快,物流,正面
2146,_,效果还不错,功效,正面
2147,速度,很快,物流,正面
2147,_,不错,整体,正面
2148,包装,不错,包装,正面
2149,_,非常好,整体,正面
2149,保湿,好,功效,正面
2149,_,贴皮肤,使用体验,正面
2150,服务,超级贴心的,服务,正面
2150,_,淡淡的香味,气味,正面
2150,_,蛮保湿的,功效,正面
2150,赠品,很好,价格,正面
2151,活动,最合适,价格,正面
2151,_,特别好,整体,正面
2152,包装,挺好的,包装,正面
2152,_,一套还有个替换装,整体,正面
2153,_,很好用,整体,正面
2153,质量,好,整体,正面
2154,_,真的很好用,整体,正面
2154,补水效果,超好的,功效,正面
2155,_,很好,整体,正面
2155,卖家描述,一样,真伪,正面
2155,_,还会来的,整体,正面
2156,_,贵了点,价格,负面
2157,_,很好用,整体,正面
2158,商品包装,不太好,包装,负面
2158,快递服务态度,很好,物流,正面
2159,物流,给力,物流,正面
2159,***的产品,很喜欢,整体,正面
2159,面膜,都用它家的,整体,正面
2159,套装,都用它家的,整体,正面
2160,补水效果,很好,功效,正面
2160,不适反应,没有,使用体验,正面
2160,_,值得拥有,整体,正面
2161,配送小哥,棒棒哒,物流,正面
2162,_,香香的,气味,正面
2162,_,很好拍开,使用体验,正面
2162,_,不是面粉的那种白,功效,正面
2162,_,感觉就是素颜,功效,正面
2163,_,太香了,气味,负面
2164,_,非常好,整体,正面
2164,价钱,给力,价格,正面
2164,_,优惠,价格,正面
2164,_,实惠,价格,正面
2164,_,放心,真伪,正面
2165,补水,很补水,功效,正面
2166,_,非常好用的,整体,正面
2167,味道,太刺鼻,气味,负面
2167,泡沫,没有,使用体验,负面
2167,_,感觉不好,整体,负面
2168,_,香香的,气味,正面
2168,_,很细腻,使用体验,正面
2168,_,滑滑的,使用体验,正面
2168,_,很舒服,使用体验,正面
2169,_,不错,整体,正面
2169,_,很实惠,价格,正面
2170,_,不太好洗,使用体验,负面
2170,_,滑滑的感觉,使用体验,负面
2170,_,没洗干净,功效,负面
2170,氨基酸洗面奶,成份里貌似没有看到氨基酸,真伪,负面
2171,_,还可以,整体,正面
2172,快递,真的好快,物流,正面
2173,早上买下午就到,快,物流,正面
2174,价格,和大厦的没差别,价格,中性
2174,送的东西,也根本不值199,价格,负面
2174,_,凑合吧,整体,中性
2175,味道,奇怪,气味,负面
2175,_,还可以吧,整体,中性
2176,_,不错,整体,正面
2177,_,一般,整体,中性
2177,_,洗不干净,功效,负面
2178,味道,原来的,气味,正面
2178,配方,原来的,成分,正面
2178,_,超级好用的,整体,正面
2179,粉扑,不怎么好,整体,负面
2179,粉扑,不方便,使用体验,负面
2179,颜色,不是很自然,功效,负面
2180,瓶子颜色,跟图片上的不符合,其他,负面
2180,_,还行吧,整体,中性
2181,买一送一,_,价格,正面
2181,油腻感,能接受的,使用体验,正面
2181,_,很好,使用体验,正面
2181,气味,不太好闻,气味,负面
2182,_,很好用,整体,正面
2182,_,放心,整体,正面
2183,_,很好用,整体,正面
2183,_,好评,整体,正面
2184,囎品,_,价格,正面
2184,_,挺便宜的,价格,正面
2185,物流,好快,物流,正面
2186,_,还可以,整体,正面
2187,_,挺好的,整体,正面
2187,_,跟实体店买的一样,真伪,正面
2188,_,还可以吧,整体,正面
2189,物流,快,物流,正面
2189,_,是正品,真伪,正面
2190,包装盒,都没有,包装,负面
2190,_,抠门,整体,负面
2190,_,还行,使用体验,正面
2191,快递,快,物流,正面
2192,香味,很喜欢很淡,气味,正面
2193,活动,挺划算,价格,正面
2193,_,太慢了,物流,负面
2194,发货,很快,物流,正面
2194,_,果然让人省心,整体,正面
2194,_,省时省力,使用体验,正面
2195,_,很好用,整体,正面
2195,性价比,高,价格,正面
2195,_,不贵,价格,正面
2196,包装,好,包装,正面
2196,物流,快,物流,正面
2196,_,不卡粉,使用体验,正面
2196,_,很润,使用体验,正面
2196,产品,很满意,整体,正面
2197,_,适合我,整体,正面
2198,_,好贵哦,价格,负面
2198,一大瓶,_,尺寸,正面
2199,味道,好闻,气味,正面
2200,_,不是太好用,整体,负面
2201,发货,快,物流,正面
2201,包装,好看,包装,正面
2201,_,满意,整体,正面
2202,_,很划算,价格,正面
2203,_,还可以,整体,正面
2204,_,很好,整体,正面
2205,包装,一般,包装,负面
2205,小瓶,很精致,包装,正面
2206,_,脸红了,使用体验,负面
2207,_,干的厉害,使用体验,负面
2207,泡沫,不细腻,使用体验,负面
2207,味道,还行,气味,正面
2208,_,没过敏,使用体验,正面
2208,补水,还可以,功效,正面
2208,这面膜,不错,整体,正面
2209,_,不错,整体,正面
2209,_,挺好,整体,正面
2209,_,还在用,使用体验,正面
2209,_,温和不刺激,使用体验,正面
2209,_,不错不错,整体,正面
2210,_,非常棒,整体,正面
2211,箱子,很大,尺寸,正面
2211,_,很便宜,价格,正面
2211,_,性价比挺高的,价格,正面
2211,_,一天一片都不心疼,价格,正面
2212,_,总体还行,整体,正面
2212,价格,不贵,价格,正面
2212,_,经济实惠,价格,正面
2213,_,一直不错,整体,正面
2213,_,不会太白,功效,正面
2213,_,很自然,功效,正面
2214,_,超级喜欢,整体,正面
2215,价格,反而更贵,价格,负面
2215,_,真是搞笑了,价格,负面
2215,_,真是骗大家,价格,负面
2216,_,超级棒,整体,正面
2216,补水效果,挺不错,功效,正面
2217,物流,挺快的,物流,正面
2217,_,还不错,整体,正面
2217,_,挺舒服的,使用体验,正面
2218,效果,不知道好用不,功效,中性
2218,外包装,不好看,包装,负面
2219,_,挺好的,整体,正面
2219,_,细腻,使用体验,正面
2219,_,顺滑,使用体验,正面
2219,_,有光泽,功效,正面
2219,_,多次购买了,整体,正面
2219,_,值得拥有,整体,正面
2219,赠品,不错,价格,正面
2220,_,超划算,价格,正面
2220,_,少发了,服务,负面
2220,_,又补上了,服务,正面
2220,_,很好,整体,正面
2221,_,不错,整体,正面
2221,_,买了好多,整体,正面
2222,_,特别开心,整体,正面
2222,气垫,特别好用,使用体验,正面
2222,_,非常满意,整体,正面
2223,_,期待改善面部,功效,正面
2223,客服,谢谢,服务,正面
2224,补水效果,很好,功效,正面
2225,_,有点偏干,使用体验,负面
2225,_,不润,使用体验,负面
2225,色号,买深了点,其他,负面
2225,_,真好,整体,正面
2226,_,挺好,整体,正面
2226,_,挺适合我的,使用体验,正面
2227,清洁效果,还可以吧,功效,正面
2227,_,比较优惠些,价格,正面
2228,_,一般一般,整体,中性
2229,_,昨晚才下单的今天货就到了,物流,正面
2229,_,十分满意,整体,正面
2230,_,不错,整体,正面
2230,_,用着有明显的效果,功效,正面
2230,_,好评,整体,正面
2231,_,效果挺好的,功效,正面
2232,包装,很好,包装,正面
2232,效果,棒棒哒,功效,正面
2232,_,大品牌果然好用,整体,正面
2232,_,正品,真伪,正面
2233,_,不错不错,整体,正面
2233,活动价,_,价格,正面
2233,洗面奶,_,整体,正面
2233,买一送一,_,价格,正面
2233,_,划算,价格,正面
2234,_,很细腻,使用体验,正面
2234,_,不是太白,功效,负面
2234,_,有点少,尺寸,负面
2235,物流,超快,物流,正面
2235,面膜,很好用,使用体验,正面
2236,_,挺显白的,功效,正面
2236,_,需要用力涂抹,使用体验,负面
2236,_,不容易推开,使用体验,负面
2237,_,真的很不错,整体,正面
2237,_,容易推开,使用体验,正面
2237,_,改善肤色,功效,正面
